sku,quantity
M0E20000000E4W2,100
M0E20000000E4W3,100
M0E20000000E4W4,100
M0E20000000E4W5,100
M0E20000000E4W6,100
M0E20000000E4W7,100
M0E20000000E4W8,100
M0E20000000E4W9,100
M0E20000000E4WA,100
M0E20000000E4WB,100
M0E20000000E4WC,100
M0E20000000E4WD,100
M0E20000000E4WE,100
M0E20000000DONI,100
M0E20000000DONJ,100
M0E20000000DONK,100
M0E20000000DONL,100
M0E20000000DONM,100
M0E20000000DONN,100
M0E20000000DONO,100
M0E20000000DONP,100
M0E20000000DONQ,100
M0E20000000DONR,100
M0E20000000DONS,100
M0E20000000DONT,100
M0E20000000DONU,100
M0E20000000DONV,100
M0E20000000DONW,100
M0E20000000DONX,100
M0E20000000DONY,100
M0E20000000DONZ,100
M0E20000000DOO0,100
M0E20000000DOO1,100
M0E20000000DOO2,100
M0E20000000DOO3,100
M0E20000000DOO4,100
M0E20000000DOO5,100
M0E20000000DOO6,100
A0E200000001WOD,100
A0E20000000284H,100
M0E20000000EKKU,100
M0E20000000EKKV,100
M0E20000000EKKW,100
M0E20000000EKKX,100
M0E20000000EKKY,100
M0E20000000EKKZ,100
M0E20000000EKL0,100
M0E20000000EKL1,100
M0E20000000EKL2,100
M0E20000000EKL3,100
M0E20000000EKL4,100
M0E20000000EKL5,100
M0E20000000EKL6,100
M0E20000000EKL7,100
M0E20000000EKL8,100
M0E20000000EKL9,100
M0E20000000EKLA,100
M0E20000000EKLB,100
M0E20000000EKLC,100
M0E20000000EKLD,100
M0E20000000EKLE,100
M0E20000000EKLF,100
M0E20000000EKLG,100
M0E20000000EKLH,100
M0E20000000EKLI,100
M0E20000000EH2R,100
M0E20000000EH2S,100
M0E20000000EH2T,100
M0E20000000EH2U,100
M0E20000000EH2V,100
M0E20000000EH2W,100
M0E20000000EH2X,100
M0E20000000EH2Y,100
M0E20000000DQNV,100
M0E20000000DQNW,100
M0E20000000DQNX,100
M0E20000000DQNY,100
M0E20000000DQNZ,100
M0E20000000DQO0,100
M0E20000000DQO1,100
M0E20000000DQO2,100
M0E20000000DQO3,100
M0E20000000DQO4,100
M0E20000000DQO5,100
M0E20000000DQO6,100
M0E20000000DQO7,100
M0E20000000DQO8,100
M0E20000000DQO9,100
M0E20000000DQOA,100
M0E20000000DQOB,100
M0E20000000DQOC,100
M0E20000000DQOD,100
M0E20000000DQOE,100
M0E20000000DQOF,100
M0E20000000DQOG,100
M0E20000000DQOH,100
M0E20000000DQOI,100
M0E20000000DQOJ,100
M0E20000000E3DS,100
M0E20000000E3DT,100
M0E20000000E3DU,100
M0E20000000E3DV,100
M0E20000000E3DW,100
M0E20000000E3DX,100
M0E20000000E3DY,100
M0E20000000E3DZ,100
M0E20000000E3E0,100
M0E20000000E3E1,100
M0E20000000E3E2,100
M0E20000000E3E3,100
M0E20000000E3E4,100
M0E20000000E3E5,100
M0E20000000E3E6,100
M0E20000000E3E7,100
M0E20000000E3E8,100
M0E20000000E3E9,100
M0E20000000E3EA,100
M0E20000000E3EB,100
M0E20000000E3EC,100
M0E20000000E3ED,100
M0E20000000E3EE,100
M0E20000000E3EF,100
M0E20000000E3EG,100
A0E200000001YNZ,100
M0E20000000DJGS,100
M0E20000000DJGT,100
M0E20000000DJGU,100
M0E20000000DJGV,100
M0E20000000DJGW,100
M0E20000000DJGX,100
M0E20000000DJGY,100
M0E20000000DJGZ,100
M0E20000000DJH0,100
M0E20000000DJH1,100
M0E20000000DJH2,100
M0E20000000DJH3,100
M0E20000000DJH4,100
M0E20000000EIOP,100
M0E20000000EIOQ,100
M0E20000000EIOR,100
M0E20000000EIOS,100
M0E20000000EIOT,100
M0E20000000EIOU,100
M0E20000000EIOV,100
M0E20000000EIOW,100
A0E20000000283Y,100
M0E20000000E1A1,100
M0E20000000E1A2,100
M0E20000000E1A3,100
M0E20000000E1A4,100
M0E20000000E1A5,100
M0E20000000E1A6,100
M0E20000000E1A7,100
M0E20000000E1A8,100
M0E20000000E1A9,100
M0E20000000E1AA,100
M0E20000000E1AB,100
M0E20000000E1AC,100
M0E20000000E1AD,100
M0E20000000E1AE,100
M0E20000000E1AF,100
M0E20000000E1AG,100
M0E20000000E1AH,100
M0E20000000EH5V,100
M0E20000000EH5W,100
M0E20000000EH5X,100
M0E20000000EH5Y,100
M0E20000000EH5Z,100
M0E20000000EH60,100
M0E20000000EH61,100
M0E20000000EH62,100
A0E2000000021UB,100
A0E20000000283S,100
M0E20000000EGOT,100
M0E20000000EGOU,100
M0E20000000EGOV,100
M0E20000000EGOW,100
M0E20000000EGOX,100
M0E20000000EGOY,100
M0E20000000EGOZ,100
M0E20000000EGP0,100
M0E20000000EGP1,100
M0E20000000EGP2,100
M0E20000000EGP3,100
M0E20000000EGP4,100
M0E20000000EGP5,100
M0E20000000EGP6,100
M0E20000000EGP7,100
M0E20000000EGP8,100
M0E20000000EGP9,100
A0E2000000026DE,100
A0E200000001YTG,100
A0E20000000251U,100
M0E20000000DGCZ,100
M0E20000000DGD0,100
M0E20000000DGD1,100
M0E20000000DGD2,100
M0E20000000DGD3,100
M0E20000000DGD4,100
M0E20000000DGD5,100
M0E20000000DGD6,100
M0E20000000E3MZ,100
M0E20000000E3N0,100
M0E20000000E3N1,100
M0E20000000E3N2,100
M0E20000000E3N3,100
M0E20000000E3N4,100
M0E20000000E3N5,100
M0E20000000E3N6,100
M0E20000000E3N7,100
M0E20000000E3N8,100
M0E20000000E3N9,100
M0E20000000E3NA,100
M0E20000000E3NB,100
M0E20000000E3NC,100
M0E20000000E3ND,100
M0E20000000E3NE,100
M0E20000000E3NF,100
M0E20000000E3NG,100
M0E20000000E3NH,100
M0E20000000E3NI,100
M0E20000000E3NJ,100
M0E20000000E3NK,100
M0E20000000E3NL,100
M0E20000000E3NM,100
M0E20000000E3NN,100
M0E20000000EL8G,100
M0E20000000EL8H,100
M0E20000000EL8I,100
M0E20000000EL8J,100
M0E20000000EL8K,100
M0E20000000EL8L,100
M0E20000000EL8M,100
M0E20000000EL8N,100
M0E20000000EL8O,100
M0E20000000EL8P,100
M0E20000000EL8Q,100
M0E20000000EL8R,100
M0E20000000EL8S,100
M0E20000000EL8T,100
M0E20000000EL8U,100
M0E20000000EL8V,100
M0E20000000EL8W,100
M0E20000000EL8X,100
M0E20000000EL8Y,100
M0E20000000EL8Z,100
M0E20000000EL90,100
M0E20000000EL91,100
M0E20000000EL92,100
M0E20000000EL93,100
M0E20000000EL94,100
A0E200000001YMG,100
M0E20000000E5JC,100
M0E20000000E5JD,100
M0E20000000E5JE,100
M0E20000000E5JF,100
M0E20000000E5JG,100
M0E20000000E5JH,100
M0E20000000E5JI,100
M0E20000000E5JJ,100
M0E20000000E5JK,100
M0E20000000E5JL,100
M0E20000000E5JM,100
M0E20000000E5JN,100
M0E20000000E5JO,100
M0E20000000EAKU,100
M0E20000000EAKV,100
M0E20000000EAKW,100
M0E20000000EAKX,100
M0E20000000EAKY,100
M0E20000000EAKZ,100
M0E20000000EAL0,100
M0E20000000EAL1,100
M0E20000000EAL2,100
M0E20000000EAL3,100
M0E20000000EAL4,100
M0E20000000EAL5,100
M0E20000000EAL6,100
A0E200000001WE8,100
M0E20000000DLM0,100
M0E20000000DLM1,100
M0E20000000DLM2,100
M0E20000000DLM3,100
M0E20000000DLM4,100
M0E20000000DLM5,100
M0E20000000DLM6,100
M0E20000000DLM7,100
M0E20000000DLM8,100
M0E20000000DLM9,100
M0E20000000DLMA,100
M0E20000000DLMB,100
M0E20000000DLMC,100
M0E20000000DGCH,100
M0E20000000DGCI,100
M0E20000000DGCJ,100
M0E20000000DGCK,100
M0E20000000DGCL,100
M0E20000000DGCM,100
M0E20000000DGCN,100
M0E20000000DGCO,100
M0E20000000E97P,100
M0E20000000E97Q,100
M0E20000000E97R,100
M0E20000000E97S,100
M0E20000000E97T,100
M0E20000000E97U,100
M0E20000000E97V,100
M0E20000000E97W,100
A0E20000000295G,100
A0E200000001WDN,100
M0E20000000EE3P,100
M0E20000000EE3Q,100
M0E20000000EE3R,100
M0E20000000EE3S,100
M0E20000000EE3T,100
M0E20000000EE3U,100
M0E20000000EE3V,100
M0E20000000EE3W,100
M0E20000000EE3X,100
M0E20000000EE3Y,100
M0E20000000EE3Z,100
M0E20000000EE40,100
M0E20000000EE41,100
M0E20000000EE42,100
M0E20000000EE43,100
M0E20000000EE44,100
M0E20000000EE45,100
M0E20000000DHS9,100
M0E20000000DHSA,100
M0E20000000DHSB,100
M0E20000000DHSC,100
M0E20000000DHSD,100
M0E20000000DHSE,100
M0E20000000DHSF,100
M0E20000000DHSG,100
A0E2000000027AE,100
M0E20000000ECM3,100
M0E20000000ECM4,100
M0E20000000ECM5,100
M0E20000000ECM6,100
M0E20000000ECM7,100
M0E20000000ECM8,100
M0E20000000ECM9,100
M0E20000000ECMA,100
M0E20000000EH6R,100
M0E20000000EH6S,100
M0E20000000EH6T,100
M0E20000000EH6U,100
M0E20000000EH6V,100
M0E20000000EH6W,100
M0E20000000EH6X,100
M0E20000000EH6Y,100
M0E20000000E8I5,100
M0E20000000E8I6,100
M0E20000000E8I7,100
M0E20000000E8I8,100
M0E20000000E8I9,100
M0E20000000E8IA,100
M0E20000000E8IB,100
M0E20000000E8IC,100
M0E20000000E8ID,100
M0E20000000E8IE,100
M0E20000000E8IF,100
M0E20000000E8IG,100
M0E20000000E8IH,100
A0E2000000022MO,100
M0E20000000DTW2,100
M0E20000000DTW3,100
M0E20000000DTW4,100
M0E20000000DTW5,100
M0E20000000DTW6,100
M0E20000000DTW7,100
M0E20000000DTW8,100
M0E20000000DTW9,100
M0E20000000E0DO,100
M0E20000000E0DP,100
M0E20000000E0DQ,100
M0E20000000E0DR,100
M0E20000000E0DS,100
M0E20000000E0DT,100
M0E20000000E0DU,100
M0E20000000E0DV,100
M0E20000000E0DW,100
M0E20000000E0DX,100
M0E20000000E0DY,100
M0E20000000E0DZ,100
M0E20000000E0E0,100
M0E20000000E0E1,100
M0E20000000E0E2,100
M0E20000000E0E3,100
M0E20000000E0E4,100
M0E20000000F0OX,100
M0E20000000F0OY,100
M0E20000000F0OZ,100
M0E20000000F0P0,100
M0E20000000F0P1,100
M0E20000000F0P2,100
M0E20000000F0P3,100
M0E20000000F0P4,100
M0E20000000E913,100
M0E20000000E914,100
M0E20000000E915,100
M0E20000000E916,100
M0E20000000E917,100
M0E20000000E918,100
M0E20000000E919,100
M0E20000000E91A,100
M0E20000000ELV9,100
M0E20000000ELVA,100
M0E20000000ELVB,100
M0E20000000ELVC,100
M0E20000000ELVD,100
M0E20000000ELVE,100
M0E20000000ELVF,100
M0E20000000ELVG,100
A0E20000000250Y,100
M0E20000000DKNH,100
M0E20000000DKNI,100
M0E20000000DKNJ,100
M0E20000000DKNK,100
M0E20000000DKNL,100
M0E20000000DKNM,100
M0E20000000DKNN,100
M0E20000000DKNO,100
M0E20000000DKNP,100
M0E20000000DKNQ,100
M0E20000000DKNR,100
M0E20000000DKNS,100
M0E20000000DKNT,100
A0E200000001YTD,100
M0E20000000EF2J,100
M0E20000000EF2K,100
M0E20000000EF2L,100
M0E20000000EF2M,100
M0E20000000EF2N,100
M0E20000000EF2O,100
M0E20000000EF2P,100
M0E20000000EF2Q,100
M0E20000000EF2R,100
M0E20000000EF2S,100
M0E20000000EKR3,100
M0E20000000EKR4,100
M0E20000000EKR5,100
M0E20000000EKR6,100
M0E20000000EKR7,100
M0E20000000EKR8,100
M0E20000000EKR9,100
M0E20000000EKRA,100
M0E20000000EKRB,100
M0E20000000EKRC,100
M0E20000000EKRD,100
M0E20000000EKRE,100
M0E20000000EKRF,100
M0E20000000EKRG,100
M0E20000000EKRH,100
M0E20000000EKRI,100
M0E20000000EKRJ,100
M0E20000000EKRK,100
M0E20000000EKRL,100
M0E20000000EKRM,100
M0E20000000EKRN,100
M0E20000000EKRO,100
M0E20000000EKRP,100
M0E20000000EKRQ,100
M0E20000000EKRR,100
M0E20000000E4QF,100
M0E20000000E4QG,100
M0E20000000E4QH,100
M0E20000000E4QI,100
M0E20000000E4QJ,100
M0E20000000E4QK,100
M0E20000000E4QL,100
M0E20000000E4QM,100
M0E20000000E4QN,100
M0E20000000E4QO,100
M0E20000000DRM1,100
M0E20000000DRM2,100
M0E20000000DRM3,100
M0E20000000DRM4,100
M0E20000000DRM5,100
M0E20000000DRM6,100
M0E20000000DRM7,100
M0E20000000DRM8,100
M0E20000000DRM9,100
M0E20000000DRMA,100
M0E20000000DRMB,100
M0E20000000DRMC,100
M0E20000000DRMD,100
M0E20000000DRME,100
M0E20000000DRMF,100
M0E20000000DRMG,100
M0E20000000DRMH,100
M0E20000000E47O,100
M0E20000000E47P,100
M0E20000000E47Q,100
M0E20000000E47R,100
M0E20000000E47S,100
M0E20000000E47T,100
M0E20000000E47U,100
M0E20000000E47V,100
M0E20000000E47W,100
M0E20000000E47X,100
M0E20000000DL9P,100
M0E20000000DL9Q,100
M0E20000000DL9R,100
M0E20000000DL9S,100
M0E20000000DL9T,100
M0E20000000DL9U,100
M0E20000000DL9V,100
M0E20000000DL9W,100
M0E20000000DL9X,100
M0E20000000DL9Y,100
M0E20000000DT3D,100
M0E20000000DT3E,100
M0E20000000DT3F,100
M0E20000000DT3G,100
M0E20000000DT3H,100
M0E20000000DT3I,100
M0E20000000DT3J,100
M0E20000000DT3K,100
M0E20000000DT3L,100
M0E20000000DT3M,100
M0E20000000DT3N,100
M0E20000000DT3O,100
M0E20000000DT3P,100
M0E20000000DK9V,100
M0E20000000DK9W,100
M0E20000000DK9X,100
M0E20000000DK9Y,100
M0E20000000DK9Z,100
M0E20000000DKA0,100
M0E20000000DKA1,100
M0E20000000DKA2,100
M0E20000000DKA3,100
M0E20000000DKA4,100
M0E20000000DKA5,100
M0E20000000DKA6,100
M0E20000000DKA7,100
M0E20000000ELHB,100
M0E20000000ELHC,100
M0E20000000ELHD,100
M0E20000000ELHE,100
M0E20000000ELHF,100
M0E20000000ELHG,100
M0E20000000ELHH,100
M0E20000000ELHI,100
M0E20000000E4EH,100
M0E20000000E4EI,100
M0E20000000E4EJ,100
M0E20000000E4EK,100
M0E20000000E4EL,100
M0E20000000E4EM,100
M0E20000000E4EN,100
M0E20000000E4EO,100
M0E20000000DJUE,100
M0E20000000DJUF,100
M0E20000000DJUG,100
M0E20000000DJUH,100
M0E20000000DJUI,100
M0E20000000DJUJ,100
M0E20000000DJUK,100
M0E20000000DJUL,100
M0E20000000DJUM,100
M0E20000000DJUN,100
M0E20000000DJUO,100
M0E20000000DJUP,100
M0E20000000DJUQ,100
A0E2000000026IM,100
M0E20000000DZS3,100
M0E20000000DZS4,100
M0E20000000DZS5,100
M0E20000000DZS6,100
M0E20000000DZS7,100
M0E20000000DZS8,100
M0E20000000DZS9,100
M0E20000000DZSA,100
M0E20000000DZSB,100
M0E20000000DZSC,100
M0E20000000DZSD,100
M0E20000000DZSE,100
M0E20000000DZSF,100
M0E20000000DZSG,100
M0E20000000DZSH,100
M0E20000000DZSI,100
M0E20000000DZSJ,100
M0E20000000DZSK,100
M0E20000000DZSL,100
M0E20000000DZSM,100
M0E20000000DZSN,100
M0E20000000DZSO,100
M0E20000000DZSP,100
M0E20000000DZSQ,100
M0E20000000DZSR,100
M0E20000000E31O,100
M0E20000000E31P,100
M0E20000000E31Q,100
M0E20000000E31R,100
M0E20000000E31S,100
M0E20000000E31T,100
M0E20000000E31U,100
M0E20000000E31V,100
M0E20000000DT4A,100
M0E20000000DT4B,100
M0E20000000DT4C,100
M0E20000000DT4D,100
M0E20000000DT4E,100
M0E20000000DT4F,100
M0E20000000DT4G,100
M0E20000000DT4H,100
M0E20000000DT4I,100
M0E20000000DT4J,100
M0E20000000DT4K,100
M0E20000000DT4L,100
M0E20000000DT4M,100
A0E200000002EG5,100
M0E20000000DLIV,100
M0E20000000DLIW,100
M0E20000000DLIX,100
M0E20000000DLIY,100
M0E20000000DLIZ,100
M0E20000000DLJ0,100
M0E20000000DLJ1,100
M0E20000000DLJ2,100
M0E20000000DLJ3,100
M0E20000000DLJ4,100
M0E20000000DLJ5,100
M0E20000000DLJ6,100
M0E20000000DLJ7,100
M0E20000000DS6J,100
M0E20000000DS6K,100
M0E20000000DS6L,100
M0E20000000DS6M,100
M0E20000000DS6N,100
M0E20000000DS6O,100
M0E20000000DS6P,100
M0E20000000DS6Q,100
A0E2000000026Y1,100
A0E200000001X5S,100
M0E20000000E2L7,100
M0E20000000E2L8,100
M0E20000000E2L9,100
M0E20000000E2LA,100
M0E20000000E2LB,100
M0E20000000E2LC,100
M0E20000000E2LD,100
M0E20000000E2LE,100
M0E20000000EH7V,100
M0E20000000EH7W,100
M0E20000000EH7X,100
M0E20000000EH7Y,100
M0E20000000EH7Z,100
M0E20000000EH80,100
M0E20000000EH81,100
M0E20000000EH82,100
A0E200000001X5R,100
A0E200000002E6R,100
M0E20000000DSA5,100
M0E20000000DSA6,100
M0E20000000DSA7,100
M0E20000000DSA8,100
M0E20000000DSA9,100
M0E20000000DSAA,100
M0E20000000DSAB,100
M0E20000000DSAC,100
A0E2000000027BL,100
M0E20000000EH5N,100
M0E20000000EH5O,100
M0E20000000EH5P,100
M0E20000000EH5Q,100
M0E20000000EH5R,100
M0E20000000EH5S,100
M0E20000000EH5T,100
M0E20000000EH5U,100
A0E200000001YNA,100
M0E20000000EEG6,100
M0E20000000EEG7,100
M0E20000000EEG8,100
M0E20000000EEG9,100
M0E20000000EEGA,100
M0E20000000EEGB,100
M0E20000000EEGC,100
M0E20000000EEGD,100
M0E20000000DRNG,100
M0E20000000DRNH,100
M0E20000000DRNI,100
M0E20000000DRNJ,100
M0E20000000DRNK,100
M0E20000000DRNL,100
M0E20000000DRNM,100
M0E20000000DRNN,100
M0E20000000DRNO,100
M0E20000000DRNP,100
M0E20000000DRNQ,100
M0E20000000DRNR,100
M0E20000000DRNS,100
M0E20000000DRNT,100
M0E20000000DRNU,100
M0E20000000DRNV,100
M0E20000000DRNW,100
A0E200000001WFH,100
s15look59,100
A0E200000001YTS,100
M0E20000000E5DU,100
M0E20000000E5DV,100
M0E20000000E5DW,100
M0E20000000E5DX,100
M0E20000000E5DY,100
M0E20000000E5DZ,100
M0E20000000E5E0,100
M0E20000000E5E1,100
M0E20000000DLSG,100
M0E20000000DLSH,100
M0E20000000DLSI,100
M0E20000000DLSJ,100
M0E20000000DLSK,100
M0E20000000DLSL,100
M0E20000000DLSM,100
M0E20000000DLSN,100
M0E20000000E8JY,100
M0E20000000E8JZ,100
M0E20000000E8K0,100
M0E20000000E8K1,100
M0E20000000E8K2,100
M0E20000000E8K3,100
M0E20000000E8K4,100
M0E20000000E8K5,100
M0E20000000E8K6,100
M0E20000000E8K7,100
M0E20000000E8K8,100
M0E20000000E8K9,100
M0E20000000E8KA,100
M0E20000000EAR1,100
M0E20000000EAR2,100
M0E20000000EAR3,100
M0E20000000EAR4,100
M0E20000000EAR5,100
M0E20000000EAR6,100
M0E20000000EAR7,100
M0E20000000EAR8,100
M0E20000000DUE1,100
M0E20000000DUE2,100
M0E20000000DUE3,100
M0E20000000DUE4,100
M0E20000000DUE5,100
M0E20000000DUE6,100
M0E20000000DUE7,100
M0E20000000DUE8,100
M0E20000000DUE9,100
M0E20000000DUEA,100
M0E20000000DUEB,100
M0E20000000DUEC,100
M0E20000000DUED,100
M0E20000000DUEE,100
M0E20000000DUEF,100
M0E20000000DUEG,100
M0E20000000DUEH,100
A0E2000000026RT,100
M0E20000000E03X,100
M0E20000000E03Y,100
M0E20000000E03Z,100
M0E20000000E040,100
M0E20000000E041,100
M0E20000000E042,100
M0E20000000E043,100
M0E20000000E044,100
M0E20000000E045,100
M0E20000000E046,100
s15look66,100
s15look7,100
A0E200000002B8J,100
A0E20000000251R,100
M0E20000000DS88,100
M0E20000000DS89,100
M0E20000000DS8A,100
M0E20000000DS8B,100
M0E20000000DS8C,100
M0E20000000DS8D,100
M0E20000000DS8E,100
M0E20000000DS8F,100
M0E20000000EKMX,100
M0E20000000EKMY,100
M0E20000000EKMZ,100
M0E20000000EKN0,100
M0E20000000EKN1,100
M0E20000000EKN2,100
M0E20000000EKN3,100
M0E20000000EKN4,100
M0E20000000EKN5,100
M0E20000000EKN6,100
M0E20000000EKN7,100
M0E20000000EKN8,100
M0E20000000EKN9,100
M0E20000000EKNA,100
M0E20000000EKNB,100
M0E20000000EKNC,100
M0E20000000EKND,100
M0E20000000EKNE,100
M0E20000000EKNF,100
M0E20000000EKNG,100
M0E20000000EKNH,100
M0E20000000EKNI,100
M0E20000000EKNJ,100
M0E20000000EKNK,100
M0E20000000EKNL,100
A0E200000002ARV,100
M0E20000000E5F8,100
M0E20000000E5F9,100
M0E20000000E5FA,100
M0E20000000E5FB,100
M0E20000000E5FC,100
M0E20000000E5FD,100
M0E20000000E5FE,100
M0E20000000E5FF,100
M0E20000000E5FG,100
M0E20000000E5FH,100
M0E20000000E5FI,100
M0E20000000E5FJ,100
M0E20000000E5FK,100
M0E20000000E5FL,100
M0E20000000E5FM,100
M0E20000000E5FN,100
M0E20000000E5FO,100
A0E200000001YTI,100
M0E20000000E2ML,100
M0E20000000E2MM,100
M0E20000000E2MN,100
M0E20000000E2MO,100
M0E20000000E2MP,100
M0E20000000E2MQ,100
M0E20000000E2MR,100
M0E20000000E2MS,100
s15look47,100
M0E20000000EGVW,100
M0E20000000EGVX,100
M0E20000000EGVY,100
M0E20000000EGVZ,100
M0E20000000EGW0,100
M0E20000000EGW1,100
M0E20000000EGW2,100
M0E20000000EGW3,100
M0E20000000EGW4,100
M0E20000000EGW5,100
M0E20000000EGW6,100
M0E20000000EGW7,100
M0E20000000EGW8,100
M0E20000000DSB1,100
M0E20000000DSB2,100
M0E20000000DSB3,100
M0E20000000DSB4,100
M0E20000000DSB5,100
M0E20000000DSB6,100
M0E20000000DSB7,100
M0E20000000DSB8,100
A0E200000001X63,100
M0E20000000DIV9,100
M0E20000000DIVA,100
M0E20000000DIVB,100
M0E20000000DIVC,100
M0E20000000DIVD,100
M0E20000000DIVE,100
M0E20000000DIVF,100
M0E20000000DIVG,100
M0E20000000DIVH,100
M0E20000000DIVI,100
A0E200000001YNW,100
A0E2000000027DT,100
A0E200000001YUZ,100
M0E20000000EA94,100
M0E20000000EA95,100
M0E20000000EA96,100
M0E20000000EA97,100
M0E20000000EA98,100
M0E20000000EA99,100
M0E20000000EA9A,100
M0E20000000EA9B,100
M0E20000000EA9C,100
M0E20000000EA9D,100
M0E20000000EA9E,100
M0E20000000EA9F,100
M0E20000000EA9G,100
M0E20000000EA9H,100
M0E20000000EA9I,100
M0E20000000EA9J,100
M0E20000000EA9K,100
M0E20000000EA9L,100
M0E20000000EA9M,100
M0E20000000EA9N,100
M0E20000000EA9O,100
M0E20000000EA9P,100
M0E20000000EA9Q,100
M0E20000000EA9R,100
M0E20000000EA9S,100
M0E20000000E2CV,100
M0E20000000E2CW,100
M0E20000000E2CX,100
M0E20000000E2CY,100
M0E20000000E2CZ,100
M0E20000000E2D0,100
M0E20000000E2D1,100
M0E20000000E2D2,100
M0E20000000E4PV,100
M0E20000000E4PW,100
M0E20000000E4PX,100
M0E20000000E4PY,100
M0E20000000E4PZ,100
M0E20000000E4Q0,100
M0E20000000E4Q1,100
M0E20000000E4Q2,100
M0E20000000E4Q3,100
M0E20000000E4Q4,100
A0E2000000024BP,100
M0E20000000E1BX,100
M0E20000000E1BY,100
M0E20000000E1BZ,100
M0E20000000E1C0,100
M0E20000000E1C1,100
M0E20000000E1C2,100
M0E20000000E1C3,100
M0E20000000E1C4,100
M0E20000000E1C5,100
M0E20000000E1C6,100
M0E20000000E1C7,100
M0E20000000E1C8,100
M0E20000000E1C9,100
M0E20000000E1CA,100
M0E20000000E1CB,100
M0E20000000E1CC,100
M0E20000000E1CD,100
M0E20000000DG39,100
M0E20000000DG3A,100
M0E20000000DG3B,100
M0E20000000DG3C,100
M0E20000000DG3D,100
M0E20000000DG3E,100
M0E20000000DG3F,100
M0E20000000DG3G,100
M0E20000000DVCQ,100
M0E20000000DVCR,100
M0E20000000DVCS,100
M0E20000000DVCT,100
M0E20000000DVCU,100
M0E20000000DVCV,100
M0E20000000DVCW,100
M0E20000000DVCX,100
M0E20000000DVCY,100
M0E20000000DVCZ,100
M0E20000000DVD0,100
M0E20000000DVD1,100
M0E20000000DVD2,100
M0E20000000DIU7,100
M0E20000000DIU8,100
M0E20000000DIU9,100
M0E20000000DIUA,100
M0E20000000DIUB,100
M0E20000000DIUC,100
M0E20000000DIUD,100
M0E20000000DIUE,100
M0E20000000DIUF,100
M0E20000000DIUG,100
M0E20000000DK5Z,100
M0E20000000DK60,100
M0E20000000DK61,100
M0E20000000DK62,100
M0E20000000DK63,100
M0E20000000DK64,100
M0E20000000DK65,100
M0E20000000DK66,100
M0E20000000DK67,100
M0E20000000DK68,100
M0E20000000DK69,100
M0E20000000DK6A,100
M0E20000000DK6B,100
M0E20000000F0QX,100
M0E20000000F0QY,100
M0E20000000F0QZ,100
M0E20000000F0R0,100
M0E20000000F0R1,100
M0E20000000F0R2,100
M0E20000000F0R3,100
M0E20000000F0R4,100
A0E200000001YL0,100
M0E20000000DU0Z,100
M0E20000000DU10,100
M0E20000000DU11,100
M0E20000000DU12,100
M0E20000000DU13,100
M0E20000000DU14,100
M0E20000000DU15,100
M0E20000000DU16,100
M0E20000000DG7Z,100
M0E20000000DG80,100
M0E20000000DG81,100
M0E20000000DG82,100
M0E20000000DG83,100
M0E20000000DG84,100
M0E20000000DG85,100
M0E20000000DG86,100
M0E20000000DWMI,100
M0E20000000DWMJ,100
M0E20000000DWMK,100
M0E20000000DWML,100
M0E20000000DWMM,100
M0E20000000DWMN,100
M0E20000000DWMO,100
M0E20000000DWMP,100
M0E20000000DWMQ,100
M0E20000000DWMR,100
M0E20000000DWMS,100
M0E20000000DWMT,100
M0E20000000DWMU,100
M0E20000000DWMV,100
M0E20000000DWMW,100
M0E20000000DWMX,100
M0E20000000DWMY,100
M0E20000000DWMZ,100
M0E20000000DWN0,100
M0E20000000DWN1,100
M0E20000000DWN2,100
M0E20000000DWN3,100
M0E20000000DWN4,100
M0E20000000DWN5,100
M0E20000000DWN6,100
M0E20000000EIS9,100
M0E20000000EISA,100
M0E20000000EISB,100
M0E20000000EISC,100
M0E20000000EISD,100
M0E20000000EISE,100
M0E20000000EISF,100
M0E20000000EISG,100
A0E2000000026QW,100
A0E200000002B6U,100
M0E20000000DT2T,100
M0E20000000DT2U,100
M0E20000000DT2V,100
M0E20000000DT2W,100
M0E20000000DT2X,100
M0E20000000DT2Y,100
M0E20000000DT2Z,100
M0E20000000DT30,100
M0E20000000DT31,100
M0E20000000DT32,100
M0E20000000DT33,100
M0E20000000DT34,100
M0E20000000DT35,100
M0E20000000EHJF,100
M0E20000000EHJG,100
M0E20000000EHJH,100
M0E20000000EHJI,100
M0E20000000EHJJ,100
M0E20000000EHJK,100
M0E20000000EHJL,100
M0E20000000EHJM,100
A0E2000000022ME,100
A0E200000002E3Z,100
M0E20000000DOJC,100
M0E20000000DOJD,100
M0E20000000DOJE,100
M0E20000000DOJF,100
M0E20000000DOJG,100
M0E20000000DOJH,100
M0E20000000DOJI,100
M0E20000000DOJJ,100
M0E20000000DOJK,100
M0E20000000DOJL,100
M0E20000000DOJM,100
M0E20000000DOJN,100
M0E20000000DOJO,100
M0E20000000DOJP,100
M0E20000000DOJQ,100
M0E20000000DOJR,100
M0E20000000DOJS,100
M0E20000000DOJT,100
M0E20000000DOJU,100
M0E20000000DOJV,100
M0E20000000DOJW,100
M0E20000000DOJX,100
M0E20000000DOJY,100
M0E20000000DOJZ,100
M0E20000000DOK0,100
M0E20000000E3XT,100
M0E20000000E3XU,100
M0E20000000E3XV,100
M0E20000000E3XW,100
M0E20000000E3XX,100
M0E20000000E3XY,100
M0E20000000E3XZ,100
M0E20000000E3Y0,100
M0E20000000E3Y1,100
M0E20000000E3Y2,100
M0E20000000E3Y3,100
M0E20000000E3Y4,100
M0E20000000E3Y5,100
M0E20000000E3Y6,100
M0E20000000E3Y7,100
M0E20000000E3Y8,100
M0E20000000E3Y9,100
M0E20000000E3YA,100
M0E20000000E3YB,100
M0E20000000E3YC,100
M0E20000000E3YD,100
M0E20000000E3YE,100
M0E20000000E3YF,100
M0E20000000E3YG,100
M0E20000000E3YH,100
M0E20000000EBHH,100
M0E20000000EBHI,100
M0E20000000EBHJ,100
M0E20000000EBHK,100
M0E20000000EBHL,100
M0E20000000EBHM,100
M0E20000000EBHN,100
M0E20000000EBHO,100
M0E20000000EBHP,100
M0E20000000EBHQ,100
M0E20000000EBHR,100
M0E20000000EBHS,100
M0E20000000EBHT,100
M0E20000000EBHU,100
M0E20000000EBHV,100
M0E20000000EBHW,100
M0E20000000EBHX,100
M0E20000000EBHY,100
M0E20000000EBHZ,100
M0E20000000EBI0,100
M0E20000000EBI1,100
M0E20000000EBI2,100
M0E20000000EBI3,100
M0E20000000EBI4,100
M0E20000000EBI5,100
M0E20000000DWQO,100
M0E20000000DWQP,100
M0E20000000DWQQ,100
M0E20000000DWQR,100
M0E20000000DWQS,100
M0E20000000DWQT,100
M0E20000000DWQU,100
M0E20000000DWQV,100
M0E20000000DWQW,100
M0E20000000DWQX,100
M0E20000000DWQY,100
M0E20000000DWQZ,100
M0E20000000DWR0,100
M0E20000000DWR1,100
M0E20000000DWR2,100
M0E20000000DWR3,100
M0E20000000DWR4,100
M0E20000000DWR5,100
M0E20000000DWR6,100
M0E20000000DWR7,100
M0E20000000DWR8,100
M0E20000000DWR9,100
M0E20000000DWRA,100
M0E20000000DWRB,100
M0E20000000DWRC,100
M0E20000000EKTG,100
M0E20000000EKTH,100
M0E20000000EKTI,100
M0E20000000EKTJ,100
M0E20000000EKTK,100
M0E20000000EKTL,100
M0E20000000EKTM,100
M0E20000000EKTN,100
M0E20000000EKTO,100
M0E20000000EKTP,100
M0E20000000EKTQ,100
M0E20000000EKTR,100
M0E20000000EKTS,100
M0E20000000EKTT,100
M0E20000000EKTU,100
M0E20000000EKTV,100
M0E20000000EKTW,100
M0E20000000EKTX,100
M0E20000000EKTY,100
M0E20000000EKTZ,100
M0E20000000EKU0,100
M0E20000000EKU1,100
M0E20000000EKU2,100
M0E20000000EKU3,100
M0E20000000EKU4,100
M0E20000000ES12,100
M0E20000000ES13,100
M0E20000000ES14,100
M0E20000000ES15,100
M0E20000000ES16,100
M0E20000000ES17,100
M0E20000000ES18,100
M0E20000000ES19,100
M0E20000000ES1A,100
M0E20000000ES1B,100
M0E20000000ES1C,100
M0E20000000ES1D,100
M0E20000000ES1E,100
M0E20000000ES1F,100
M0E20000000ES1G,100
M0E20000000ES1H,100
M0E20000000ES1I,100
M0E20000000ES1J,100
M0E20000000ES1K,100
M0E20000000ES1L,100
M0E20000000ES1M,100
M0E20000000ES1N,100
M0E20000000ES1O,100
M0E20000000ES1P,100
M0E20000000ES1Q,100
M0E20000000DKKF,100
M0E20000000DKKG,100
M0E20000000DKKH,100
M0E20000000DKKI,100
M0E20000000DKKJ,100
M0E20000000DKKK,100
M0E20000000DKKL,100
M0E20000000DKKM,100
M0E20000000DKKN,100
M0E20000000DKKO,100
M0E20000000DKKP,100
M0E20000000DKKQ,100
M0E20000000DKKR,100
M0E20000000EE1J,100
M0E20000000EE1K,100
M0E20000000EE1L,100
M0E20000000EE1M,100
M0E20000000EE1N,100
M0E20000000EE1O,100
M0E20000000EE1P,100
M0E20000000EE1Q,100
M0E20000000E474,100
M0E20000000E475,100
M0E20000000E476,100
M0E20000000E477,100
M0E20000000E478,100
M0E20000000E479,100
M0E20000000E47A,100
M0E20000000E47B,100
M0E20000000E47C,100
M0E20000000E47D,100
A0E2000000026IK,100
M0E20000000DSF5,100
M0E20000000DSF6,100
M0E20000000DSF7,100
M0E20000000DSF8,100
M0E20000000DSF9,100
M0E20000000DSFA,100
M0E20000000DSFB,100
M0E20000000DSFC,100
A0E200000001WS1,100
M0E20000000DS80,100
M0E20000000DS81,100
M0E20000000DS82,100
M0E20000000DS83,100
M0E20000000DS84,100
M0E20000000DS85,100
M0E20000000DS86,100
M0E20000000DS87,100
A0E2000000026FM,100
A0E2000000026HH,100
M0E20000000DFZF,100
M0E20000000DFZG,100
M0E20000000DFZH,100
M0E20000000DFZI,100
M0E20000000DFZJ,100
M0E20000000DFZK,100
M0E20000000DFZL,100
M0E20000000DFZM,100
A0E200000002EE9,100
s15look17,100
M0E20000000EAJ1,100
M0E20000000EAJ2,100
M0E20000000EAJ3,100
M0E20000000EAJ4,100
M0E20000000EAJ5,100
M0E20000000EAJ6,100
M0E20000000EAJ7,100
M0E20000000EAJ8,100
M0E20000000EAJ9,100
M0E20000000EAJA,100
M0E20000000EAJB,100
M0E20000000EAJC,100
M0E20000000EAJD,100
M0E20000000DK3D,100
M0E20000000DK3E,100
M0E20000000DK3F,100
M0E20000000DK3G,100
M0E20000000DK3H,100
M0E20000000DK3I,100
M0E20000000DK3J,100
M0E20000000DK3K,100
M0E20000000DK3L,100
M0E20000000DK3M,100
M0E20000000DK3N,100
M0E20000000DK3O,100
M0E20000000DK3P,100
A0E200000002529,100
A0E200000001WQ1,100
M0E20000000DJ6S,100
M0E20000000DJ6T,100
M0E20000000DJ6U,100
M0E20000000DJ6V,100
M0E20000000DJ6W,100
M0E20000000DJ6X,100
M0E20000000DJ6Y,100
M0E20000000DJ6Z,100
M0E20000000DJ70,100
M0E20000000DJ71,100
M0E20000000DJ72,100
M0E20000000DJ73,100
M0E20000000DJ74,100
M0E20000000DZVP,100
M0E20000000DZVQ,100
M0E20000000DZVR,100
M0E20000000DZVS,100
M0E20000000DZVT,100
M0E20000000DZVU,100
M0E20000000DZVV,100
M0E20000000DZVW,100
M0E20000000DZVX,100
M0E20000000DZVY,100
M0E20000000DZVZ,100
M0E20000000DZW0,100
M0E20000000DZW1,100
M0E20000000DZW2,100
M0E20000000DZW3,100
M0E20000000DZW4,100
M0E20000000DZW5,100
M0E20000000DZW6,100
M0E20000000DZW7,100
M0E20000000DZW8,100
M0E20000000DZW9,100
M0E20000000DZWA,100
M0E20000000DZWB,100
M0E20000000DZWC,100
M0E20000000DZWD,100
M0E20000000ECGR,100
M0E20000000ECGS,100
M0E20000000ECGT,100
M0E20000000ECGU,100
M0E20000000ECGV,100
M0E20000000ECGW,100
M0E20000000ECGX,100
M0E20000000ECGY,100
M0E20000000ECGZ,100
M0E20000000ECH0,100
M0E20000000ECH1,100
M0E20000000ECH2,100
M0E20000000ECH3,100
M0E20000000EFCV,100
M0E20000000EFCW,100
M0E20000000EFCX,100
M0E20000000EFCY,100
M0E20000000EFCZ,100
M0E20000000EFD0,100
M0E20000000EFD1,100
M0E20000000EFD2,100
M0E20000000EALX,100
M0E20000000EALY,100
M0E20000000EALZ,100
M0E20000000EAM0,100
M0E20000000EAM1,100
M0E20000000EAM2,100
M0E20000000EAM3,100
M0E20000000EAM4,100
M0E20000000EAM5,100
M0E20000000EAM6,100
M0E20000000EAM7,100
M0E20000000EAM8,100
M0E20000000EAM9,100
A0E200000002EGC,100
M0E20000000EM19,100
M0E20000000EM1A,100
M0E20000000EM1B,100
M0E20000000EM1C,100
M0E20000000EM1D,100
M0E20000000EM1E,100
M0E20000000EM1F,100
M0E20000000EM1G,100
A0E200000001YL3,100
M0E20000000EBRH,100
M0E20000000EBRI,100
M0E20000000EBRJ,100
M0E20000000EBRK,100
M0E20000000EBRL,100
M0E20000000EBRM,100
M0E20000000EBRN,100
M0E20000000EBRO,100
M0E20000000DUC3,100
M0E20000000DUC4,100
M0E20000000DUC5,100
M0E20000000DUC6,100
M0E20000000DUC7,100
M0E20000000DUC8,100
M0E20000000DUC9,100
M0E20000000DUCA,100
M0E20000000DUCB,100
M0E20000000DUCC,100
M0E20000000DUCD,100
M0E20000000DUCE,100
M0E20000000DUCF,100
M0E20000000DUCG,100
M0E20000000DUCH,100
M0E20000000DUCI,100
M0E20000000DUCJ,100
M0E20000000E02U,100
M0E20000000E02V,100
M0E20000000E02W,100
M0E20000000E02X,100
M0E20000000E02Y,100
M0E20000000E02Z,100
M0E20000000E030,100
M0E20000000E031,100
M0E20000000E032,100
M0E20000000E033,100
M0E20000000E034,100
M0E20000000E035,100
M0E20000000E036,100
M0E20000000E8PD,100
M0E20000000E8PE,100
M0E20000000E8PF,100
M0E20000000E8PG,100
M0E20000000E8PH,100
M0E20000000E8PI,100
M0E20000000E8PJ,100
M0E20000000E8PK,100
M0E20000000E8PL,100
M0E20000000E8PM,100
M0E20000000E8PN,100
M0E20000000E8PO,100
M0E20000000E8PP,100
A0E20000000250T,100
M0E20000000EFYR,100
M0E20000000EFYS,100
M0E20000000EFYT,100
M0E20000000EFYU,100
M0E20000000EFYV,100
M0E20000000EFYW,100
M0E20000000EFYX,100
M0E20000000EFYY,100
M0E20000000E5IR,100
M0E20000000E5IS,100
M0E20000000E5IT,100
M0E20000000E5IU,100
M0E20000000E5IV,100
M0E20000000E5IW,100
M0E20000000E5IX,100
M0E20000000E5IY,100
M0E20000000DVTB,100
M0E20000000DVTC,100
M0E20000000DVTD,100
M0E20000000DVTE,100
M0E20000000DVTF,100
M0E20000000DVTG,100
M0E20000000DVTH,100
M0E20000000DVTI,100
A0E200000001YLW,100
M0E20000000DSBH,100
M0E20000000DSBI,100
M0E20000000DSBJ,100
M0E20000000DSBK,100
M0E20000000DSBL,100
M0E20000000DSBM,100
M0E20000000DSBN,100
M0E20000000DSBO,100
A0E200000001WLV,100
M0E20000000DUXO,100
M0E20000000DUXP,100
M0E20000000DUXQ,100
M0E20000000DUXR,100
M0E20000000DUXS,100
M0E20000000DUXT,100
M0E20000000DUXU,100
M0E20000000DUXV,100
M0E20000000DUXW,100
M0E20000000DUXX,100
M0E20000000DUXY,100
M0E20000000DUXZ,100
M0E20000000DUY0,100
M0E20000000DUY1,100
M0E20000000DUY2,100
M0E20000000DUY3,100
M0E20000000DUY4,100
M0E20000000DVKF,100
M0E20000000DVKG,100
M0E20000000DVKH,100
M0E20000000DVKI,100
M0E20000000DVKJ,100
M0E20000000DVKK,100
M0E20000000DVKL,100
M0E20000000DVKM,100
M0E20000000DVKN,100
M0E20000000DVKO,100
M0E20000000F0RT,100
M0E20000000F0RU,100
M0E20000000F0RV,100
M0E20000000F0RW,100
M0E20000000F0RX,100
M0E20000000F0RY,100
M0E20000000F0RZ,100
M0E20000000F0S0,100
A0E200000002EGD,100
A0E2000000026Y0,100
A0E2000000023B5,100
M0E20000000DTUL,100
M0E20000000DTUM,100
M0E20000000DTUN,100
M0E20000000DTUO,100
M0E20000000DTUP,100
M0E20000000DTUQ,100
M0E20000000DTUR,100
M0E20000000DTUS,100
M0E20000000E6VC,100
M0E20000000E6VD,100
M0E20000000E6VE,100
M0E20000000E6VF,100
M0E20000000E6VG,100
M0E20000000E6VH,100
M0E20000000E6VI,100
M0E20000000E6VJ,100
M0E20000000E6VK,100
M0E20000000E6VL,100
M0E20000000E6VM,100
M0E20000000E6VN,100
M0E20000000E6VO,100
M0E20000000E6VP,100
M0E20000000E6VQ,100
M0E20000000E6VR,100
M0E20000000E6VS,100
M0E20000000E6VT,100
M0E20000000E6VU,100
M0E20000000E6VV,100
M0E20000000E6VW,100
M0E20000000E6VX,100
M0E20000000E6VY,100
M0E20000000E6VZ,100
M0E20000000E6W0,100
M0E20000000E4GZ,100
M0E20000000E4H0,100
M0E20000000E4H1,100
M0E20000000E4H2,100
M0E20000000E4H3,100
M0E20000000E4H4,100
M0E20000000E4H5,100
M0E20000000E4H6,100
M0E20000000E4H7,100
M0E20000000E4H8,100
M0E20000000E4H9,100
M0E20000000E4HA,100
M0E20000000E4HB,100
A0E200000001YWO,100
A0E2000000027BV,100
M0E20000000E2SD,100
M0E20000000E2SE,100
M0E20000000E2SF,100
M0E20000000E2SG,100
M0E20000000E2SH,100
M0E20000000E2SI,100
M0E20000000E2SJ,100
M0E20000000E2SK,100
A0E200000001Z0J,100
M0E20000000EL1D,100
M0E20000000EL1E,100
M0E20000000EL1F,100
M0E20000000EL1G,100
M0E20000000EL1H,100
M0E20000000EL1I,100
M0E20000000EL1J,100
M0E20000000EL1K,100
M0E20000000ECJY,100
M0E20000000ECJZ,100
M0E20000000ECK0,100
M0E20000000ECK1,100
M0E20000000ECK2,100
M0E20000000ECK3,100
M0E20000000ECK4,100
M0E20000000ECK5,100
M0E20000000DG6L,100
M0E20000000DG6M,100
M0E20000000DG6N,100
M0E20000000DG6O,100
M0E20000000DG6P,100
M0E20000000DG6Q,100
M0E20000000DG6R,100
M0E20000000DG6S,100
M0E20000000E55N,100
M0E20000000E55O,100
M0E20000000E55P,100
M0E20000000E55Q,100
M0E20000000E55R,100
M0E20000000E55S,100
M0E20000000E55T,100
M0E20000000E55U,100
A0E2000000022MI,100
M0E20000000DWOL,100
M0E20000000DWOM,100
M0E20000000DWON,100
M0E20000000DWOO,100
M0E20000000DWOP,100
M0E20000000DWOQ,100
M0E20000000DWOR,100
M0E20000000DWOS,100
M0E20000000DWOT,100
M0E20000000DWOU,100
M0E20000000DWOV,100
M0E20000000DWOW,100
M0E20000000DWOX,100
M0E20000000DWOY,100
M0E20000000DWOZ,100
M0E20000000DWP0,100
M0E20000000DWP1,100
M0E20000000DWP2,100
M0E20000000DWP3,100
M0E20000000DWP4,100
M0E20000000DWP5,100
M0E20000000DWP6,100
M0E20000000DWP7,100
M0E20000000DWP8,100
M0E20000000DWP9,100
M0E20000000E1R0,100
M0E20000000E1R1,100
M0E20000000E1R2,100
M0E20000000E1R3,100
M0E20000000E1R4,100
M0E20000000E1R5,100
M0E20000000E1R6,100
M0E20000000E1R7,100
M0E20000000E1R8,100
M0E20000000E1R9,100
M0E20000000E1RA,100
M0E20000000E1RB,100
M0E20000000E1RC,100
A0E200000001YTN,100
M0E20000000DJPB,100
M0E20000000DJPC,100
M0E20000000DJPD,100
M0E20000000DJPE,100
M0E20000000DJPF,100
M0E20000000DJPG,100
M0E20000000DJPH,100
M0E20000000DJPI,100
M0E20000000DJPJ,100
M0E20000000DJPK,100
M0E20000000DJPL,100
M0E20000000DJPM,100
M0E20000000DJPN,100
M0E20000000ED44,100
M0E20000000ED45,100
M0E20000000ED46,100
M0E20000000ED47,100
M0E20000000ED48,100
M0E20000000ED49,100
M0E20000000ED4A,100
M0E20000000ED4B,100
M0E20000000ED4C,100
M0E20000000ED4D,100
M0E20000000ED4E,100
M0E20000000ED4F,100
M0E20000000ED4G,100
M0E20000000ED4H,100
M0E20000000ED4I,100
M0E20000000ED4J,100
M0E20000000ED4K,100
A0E200000002E8Q,100
M0E20000000E8B1,100
M0E20000000E8B2,100
M0E20000000E8B3,100
M0E20000000E8B4,100
M0E20000000E8B5,100
M0E20000000E8B6,100
M0E20000000E8B7,100
M0E20000000E8B8,100
M0E20000000E8B9,100
M0E20000000E8BA,100
M0E20000000E8BB,100
M0E20000000E8BC,100
M0E20000000E8BD,100
M0E20000000E8BE,100
M0E20000000E8BF,100
M0E20000000E8BG,100
M0E20000000E8BH,100
M0E20000000E8BI,100
M0E20000000E8BJ,100
M0E20000000E8BK,100
M0E20000000E8BL,100
M0E20000000E8BM,100
M0E20000000E8BN,100
M0E20000000E8BO,100
M0E20000000E8BP,100
A0E200000001WE7,100
M0E20000000EYXP,100
M0E20000000EYXQ,100
M0E20000000EYXR,100
M0E20000000EYXS,100
M0E20000000EYXT,100
M0E20000000EYXU,100
M0E20000000EYXV,100
M0E20000000EYXW,100
M0E20000000EKM8,100
M0E20000000EKM9,100
M0E20000000EKMA,100
M0E20000000EKMB,100
M0E20000000EKMC,100
M0E20000000EKMD,100
M0E20000000EKME,100
M0E20000000EKMF,100
M0E20000000EKMG,100
M0E20000000EKMH,100
M0E20000000EKMI,100
M0E20000000EKMJ,100
M0E20000000EKMK,100
M0E20000000EKML,100
M0E20000000EKMM,100
M0E20000000EKMN,100
M0E20000000EKMO,100
M0E20000000EKMP,100
M0E20000000EKMQ,100
M0E20000000EKMR,100
M0E20000000EKMS,100
M0E20000000EKMT,100
M0E20000000EKMU,100
M0E20000000EKMV,100
M0E20000000EKMW,100
A0E20000000285Z,100
M0E20000000EITD,100
M0E20000000EITE,100
M0E20000000EITF,100
M0E20000000EITG,100
M0E20000000EITH,100
M0E20000000EITI,100
M0E20000000EITJ,100
M0E20000000EITK,100
M0E20000000EITL,100
M0E20000000EITM,100
M0E20000000EITN,100
M0E20000000EITO,100
M0E20000000EITP,100
A0E200000001YVY,100
M0E20000000EHIR,100
M0E20000000EHIS,100
M0E20000000EHIT,100
M0E20000000EHIU,100
M0E20000000EHIV,100
M0E20000000EHIW,100
M0E20000000EHIX,100
M0E20000000EHIY,100
M0E20000000DTNT,100
M0E20000000DTNU,100
M0E20000000DTNV,100
M0E20000000DTNW,100
M0E20000000DTNX,100
M0E20000000DTNY,100
M0E20000000DTNZ,100
M0E20000000DTO0,100
M0E20000000ECMJ,100
M0E20000000ECMK,100
M0E20000000ECML,100
M0E20000000ECMM,100
M0E20000000ECMN,100
M0E20000000ECMO,100
M0E20000000ECMP,100
M0E20000000ECMQ,100
A0E200000001WFL,100
M0E20000000EB1Q,100
M0E20000000EB1R,100
M0E20000000EB1S,100
M0E20000000EB1T,100
M0E20000000EB1U,100
M0E20000000EB1V,100
M0E20000000EB1W,100
M0E20000000EB1X,100
M0E20000000EB1Y,100
M0E20000000EB1Z,100
M0E20000000EB20,100
M0E20000000EFXF,100
M0E20000000EFXG,100
M0E20000000EFXH,100
M0E20000000EFXI,100
M0E20000000EFXJ,100
M0E20000000EFXK,100
M0E20000000EFXL,100
M0E20000000EFXM,100
A0E2000000024BN,100
M0E20000000EFDJ,100
M0E20000000EFDK,100
M0E20000000EFDL,100
M0E20000000EFDM,100
M0E20000000EFDN,100
M0E20000000EFDO,100
M0E20000000EFDP,100
M0E20000000EFDQ,100
M0E20000000DG8V,100
M0E20000000DG8W,100
M0E20000000DG8X,100
M0E20000000DG8Y,100
M0E20000000DG8Z,100
M0E20000000DG90,100
M0E20000000DG91,100
M0E20000000DG92,100
M0E20000000EOC4,100
M0E20000000EOC5,100
M0E20000000EOC6,100
M0E20000000EOC7,100
M0E20000000EOC8,100
M0E20000000EOC9,100
M0E20000000EOCA,100
M0E20000000EOCB,100
M0E20000000EOCC,100
M0E20000000EOCD,100
M0E20000000EOCE,100
M0E20000000EOCF,100
M0E20000000EOCG,100
M0E20000000EOCH,100
M0E20000000EOCI,100
M0E20000000EOCJ,100
M0E20000000EOCK,100
M0E20000000EOCL,100
M0E20000000EOCM,100
M0E20000000EOCN,100
M0E20000000EOCO,100
M0E20000000EOCP,100
M0E20000000EOCQ,100
M0E20000000EOCR,100
M0E20000000EOCS,100
M0E20000000F31K,100
M0E20000000F31L,100
M0E20000000F31M,100
M0E20000000F31N,100
M0E20000000F31O,100
M0E20000000F31P,100
M0E20000000F31Q,100
M0E20000000F31R,100
M0E20000000F31S,100
M0E20000000F31T,100
M0E20000000F31U,100
M0E20000000F31V,100
M0E20000000F31W,100
M0E20000000F31X,100
M0E20000000F31Y,100
M0E20000000F31Z,100
M0E20000000F320,100
M0E20000000F321,100
M0E20000000F322,100
M0E20000000F323,100
M0E20000000F324,100
M0E20000000F325,100
M0E20000000F326,100
M0E20000000F327,100
M0E20000000F328,100
A0E200000001YT0,100
A0E2000000027CD,100
M0E20000000E8WR,100
M0E20000000E8WS,100
M0E20000000E8WT,100
M0E20000000E8WU,100
M0E20000000E8WV,100
M0E20000000E8WW,100
M0E20000000E8WX,100
M0E20000000E8WY,100
M0E20000000EIPD,100
M0E20000000EIPE,100
M0E20000000EIPF,100
M0E20000000EIPG,100
M0E20000000EIPH,100
M0E20000000EIPI,100
M0E20000000EIPJ,100
M0E20000000EIPK,100
M0E20000000DGGX,100
M0E20000000DGGY,100
M0E20000000DGGZ,100
M0E20000000DGH0,100
M0E20000000DGH1,100
M0E20000000DGH2,100
M0E20000000DGH3,100
M0E20000000DGH4,100
s15look4,100
M0E20000000E0G7,100
M0E20000000E0G8,100
M0E20000000E0G9,100
M0E20000000E0GA,100
M0E20000000E0GB,100
M0E20000000E0GC,100
M0E20000000E0GD,100
M0E20000000E0GE,100
M0E20000000E0GF,100
M0E20000000E0GG,100
M0E20000000E0GH,100
M0E20000000E0GI,100
M0E20000000E0GJ,100
M0E20000000E0GK,100
M0E20000000E0GL,100
M0E20000000E0GM,100
M0E20000000E0GN,100
M0E20000000DGGN,100
M0E20000000DGGO,100
M0E20000000DGGP,100
M0E20000000DGGQ,100
M0E20000000DGGR,100
M0E20000000DGGS,100
M0E20000000DGGT,100
M0E20000000DGGU,100
M0E20000000DNUB,100
M0E20000000DNUC,100
M0E20000000DNUD,100
M0E20000000DNUE,100
M0E20000000DNUF,100
M0E20000000DNUG,100
M0E20000000DNUH,100
M0E20000000DNUI,100
M0E20000000EL13,100
M0E20000000EL14,100
M0E20000000EL15,100
M0E20000000EL16,100
M0E20000000EL17,100
M0E20000000EL18,100
M0E20000000EL19,100
M0E20000000EL1A,100
M0E20000000DURN,100
M0E20000000DURO,100
M0E20000000DURP,100
M0E20000000DURQ,100
M0E20000000DURR,100
M0E20000000DURS,100
M0E20000000DURT,100
M0E20000000DURU,100
M0E20000000DURV,100
M0E20000000DURW,100
M0E20000000DURX,100
M0E20000000DURY,100
M0E20000000DURZ,100
M0E20000000DUS0,100
M0E20000000DUS1,100
M0E20000000DUS2,100
M0E20000000DUS3,100
M0E20000000DLO1,100
M0E20000000DLO2,100
M0E20000000DLO3,100
M0E20000000DLO4,100
M0E20000000DLO5,100
M0E20000000DLO6,100
M0E20000000DLO7,100
M0E20000000DLO8,100
M0E20000000DLO9,100
M0E20000000DLOA,100
M0E20000000DLOB,100
M0E20000000DLOC,100
M0E20000000DLOD,100
M0E20000000DMXW,100
M0E20000000DMXX,100
M0E20000000DMXY,100
M0E20000000DMXZ,100
M0E20000000DMY0,100
M0E20000000DMY1,100
M0E20000000DMY2,100
M0E20000000DMY3,100
M0E20000000DMY4,100
M0E20000000DMY5,100
M0E20000000DMY6,100
M0E20000000DMY7,100
M0E20000000DMY8,100
M0E20000000DMY9,100
M0E20000000DMYA,100
M0E20000000DMYB,100
M0E20000000DMYC,100
M0E20000000DZA6,100
M0E20000000DZA7,100
M0E20000000DZA8,100
M0E20000000DZA9,100
M0E20000000DZAA,100
M0E20000000DZAB,100
M0E20000000DZAC,100
M0E20000000DZAD,100
M0E20000000DZAE,100
M0E20000000DZAF,100
M0E20000000DZAG,100
M0E20000000DZAH,100
M0E20000000DZAI,100
M0E20000000DZAJ,100
M0E20000000DZAK,100
M0E20000000DZAL,100
M0E20000000DZAM,100
M0E20000000DZAN,100
M0E20000000DZAO,100
M0E20000000DZAP,100
M0E20000000DZAQ,100
M0E20000000DZAR,100
M0E20000000DZAS,100
M0E20000000DZAT,100
M0E20000000DZAU,100
A0E200000001YNT,100
M0E20000000E2UO,100
M0E20000000E2UP,100
M0E20000000E2UQ,100
M0E20000000E2UR,100
M0E20000000E2US,100
M0E20000000E2UT,100
M0E20000000E2UU,100
M0E20000000E2UV,100
M0E20000000E2UW,100
M0E20000000E2UX,100
M0E20000000E2UY,100
M0E20000000E2UZ,100
M0E20000000E2V0,100
M0E20000000E2V1,100
M0E20000000E2V2,100
M0E20000000E2V3,100
M0E20000000E2V4,100
M0E20000000ER8Z,100
M0E20000000ER90,100
M0E20000000ER91,100
M0E20000000ER92,100
M0E20000000ER93,100
M0E20000000ER94,100
M0E20000000ER95,100
M0E20000000ER96,100
M0E20000000ER97,100
M0E20000000ER98,100
M0E20000000ER99,100
M0E20000000ER9A,100
M0E20000000ER9B,100
M0E20000000E203,100
M0E20000000E204,100
M0E20000000E205,100
M0E20000000E206,100
M0E20000000E207,100
M0E20000000E208,100
M0E20000000E209,100
M0E20000000E20A,100
M0E20000000E20B,100
M0E20000000E20C,100
M0E20000000E20D,100
M0E20000000E20E,100
M0E20000000E20F,100
M0E20000000E20G,100
M0E20000000E20H,100
M0E20000000E20I,100
M0E20000000E20J,100
A0E2000000021Y1,100
M0E20000000E3KW,100
M0E20000000E3KX,100
M0E20000000E3KY,100
M0E20000000E3KZ,100
M0E20000000E3L0,100
M0E20000000E3L1,100
M0E20000000E3L2,100
M0E20000000E3L3,100
M0E20000000E3L4,100
M0E20000000E3L5,100
M0E20000000E3L6,100
M0E20000000E3L7,100
M0E20000000E3L8,100
M0E20000000E3L9,100
M0E20000000E3LA,100
M0E20000000E3LB,100
M0E20000000E3LC,100
M0E20000000E3LD,100
M0E20000000E3LE,100
M0E20000000E3LF,100
M0E20000000E3LG,100
M0E20000000E3LH,100
M0E20000000E3LI,100
M0E20000000E3LJ,100
M0E20000000E3LK,100
A0E2000000021VL,100
M0E20000000E90F,100
M0E20000000E90G,100
M0E20000000E90H,100
M0E20000000E90I,100
M0E20000000E90J,100
M0E20000000E90K,100
M0E20000000E90L,100
M0E20000000E90M,100
A0E200000001YTC,100
M0E20000000DOWP,100
M0E20000000DOWQ,100
M0E20000000DOWR,100
M0E20000000DOWS,100
M0E20000000DOWT,100
M0E20000000DOWU,100
M0E20000000DOWV,100
M0E20000000DOWW,100
M0E20000000DOWX,100
M0E20000000DOWY,100
M0E20000000DOWZ,100
M0E20000000DOX0,100
M0E20000000DOX1,100
A0E200000001WR5,100
M0E20000000DVP5,100
M0E20000000DVP6,100
M0E20000000DVP7,100
M0E20000000DVP8,100
M0E20000000DVP9,100
M0E20000000DVPA,100
M0E20000000DVPB,100
M0E20000000DVPC,100
A0E2000000026G5,100
A0E200000002BDZ,100
M0E20000000E57D,100
M0E20000000E57E,100
M0E20000000E57F,100
M0E20000000E57G,100
M0E20000000E57H,100
M0E20000000E57I,100
M0E20000000E57J,100
M0E20000000E57K,100
M0E20000000E57L,100
M0E20000000E57M,100
M0E20000000E57N,100
M0E20000000E57O,100
M0E20000000E57P,100
M0E20000000E57Q,100
M0E20000000E57R,100
M0E20000000E57S,100
M0E20000000E57T,100
M0E20000000E57U,100
M0E20000000E57V,100
M0E20000000E57W,100
M0E20000000E57X,100
M0E20000000E57Y,100
M0E20000000E57Z,100
M0E20000000E580,100
M0E20000000E581,100
A0E2000000026H2,100
M0E20000000DSU7,100
M0E20000000DSU8,100
M0E20000000DSU9,100
M0E20000000DSUA,100
M0E20000000DSUB,100
M0E20000000DSUC,100
M0E20000000DSUD,100
M0E20000000DSUE,100
M0E20000000EOG5,100
M0E20000000EOG6,100
M0E20000000EOG7,100
M0E20000000EOG8,100
M0E20000000EOG9,100
M0E20000000EOGA,100
M0E20000000EOGB,100
M0E20000000EOGC,100
M0E20000000EOGD,100
M0E20000000EOGE,100
M0E20000000EOGF,100
M0E20000000EOGG,100
M0E20000000EOGH,100
M0E20000000EOGI,100
M0E20000000EOGJ,100
M0E20000000EOGK,100
M0E20000000EOGL,100
M0E20000000EOGM,100
M0E20000000EOGN,100
M0E20000000EOGO,100
M0E20000000EOGP,100
M0E20000000EOGQ,100
M0E20000000EOGR,100
M0E20000000EOGS,100
M0E20000000EOGT,100
M0E20000000EF1H,100
M0E20000000EF1I,100
M0E20000000EF1J,100
M0E20000000EF1K,100
M0E20000000EF1L,100
M0E20000000EF1M,100
M0E20000000EF1N,100
M0E20000000EF1O,100
M0E20000000EF1P,100
M0E20000000EF1Q,100
A0E2000000026FL,100
A0E200000001WKH,100
A0E2000000022QU,100
M0E20000000EIQP,100
M0E20000000EIQQ,100
M0E20000000EIQR,100
M0E20000000EIQS,100
M0E20000000EIQT,100
M0E20000000EIQU,100
M0E20000000EIQV,100
M0E20000000EIQW,100
M0E20000000ECUH,100
M0E20000000ECUI,100
M0E20000000ECUJ,100
M0E20000000ECUK,100
M0E20000000ECUL,100
M0E20000000ECUM,100
M0E20000000ECUN,100
M0E20000000ECUO,100
A0E200000001YSU,100
M0E20000000EL5S,100
M0E20000000EL5T,100
M0E20000000EL5U,100
M0E20000000EL5V,100
M0E20000000EL5W,100
M0E20000000EL5X,100
M0E20000000EL5Y,100
M0E20000000EL5Z,100
M0E20000000DVM3,100
M0E20000000DVM4,100
M0E20000000DVM5,100
M0E20000000DVM6,100
M0E20000000DVM7,100
M0E20000000DVM8,100
M0E20000000DVM9,100
M0E20000000DVMA,100
M0E20000000DJ51,100
M0E20000000DJ52,100
M0E20000000DJ53,100
M0E20000000DJ54,100
M0E20000000DJ55,100
M0E20000000DJ56,100
M0E20000000DJ57,100
M0E20000000DJ58,100
M0E20000000DJ59,100
M0E20000000DJ5A,100
M0E20000000DJ5B,100
M0E20000000DJ5C,100
M0E20000000DJ5D,100
M0E20000000EIXJ,100
M0E20000000EIXK,100
M0E20000000EIXL,100
M0E20000000EIXM,100
M0E20000000EIXN,100
M0E20000000EIXO,100
M0E20000000EIXP,100
M0E20000000EIXQ,100
M0E20000000EIXR,100
M0E20000000EIXS,100
M0E20000000EIXT,100
M0E20000000EIXU,100
M0E20000000EIXV,100
M0E20000000EIXW,100
M0E20000000EIXX,100
M0E20000000EIXY,100
M0E20000000EIXZ,100
M0E20000000EIY0,100
M0E20000000EIY1,100
M0E20000000EIY2,100
M0E20000000EIY3,100
M0E20000000EIY4,100
M0E20000000EIY5,100
M0E20000000EIY6,100
M0E20000000EIY7,100
s15look10,100
A0E2000000021UJ,100
A0E2000000026TH,100
A0E2000000026U1,100
M0E20000000ELST,100
M0E20000000ELSU,100
M0E20000000ELSV,100
M0E20000000ELSW,100
M0E20000000ELSX,100
M0E20000000ELSY,100
M0E20000000ELSZ,100
M0E20000000ELT0,100
M0E20000000E9HY,100
M0E20000000E9HZ,100
M0E20000000E9I0,100
M0E20000000E9I1,100
M0E20000000E9I2,100
M0E20000000E9I3,100
M0E20000000E9I4,100
M0E20000000E9I5,100
M0E20000000E9I6,100
M0E20000000E9I7,100
M0E20000000E9I8,100
M0E20000000E9I9,100
M0E20000000E9IA,100
M0E20000000E9IB,100
M0E20000000E9IC,100
M0E20000000E9ID,100
M0E20000000E9IE,100
M0E20000000E9IF,100
M0E20000000E9IG,100
M0E20000000E9IH,100
M0E20000000E9II,100
M0E20000000E9IJ,100
M0E20000000E9IK,100
M0E20000000E9IL,100
M0E20000000E9IM,100
M0E20000000DU5P,100
M0E20000000DU5Q,100
M0E20000000DU5R,100
M0E20000000DU5S,100
M0E20000000DU5T,100
M0E20000000DU5U,100
M0E20000000DU5V,100
M0E20000000DU5W,100
s15look85,100
M0E20000000E86Q,100
M0E20000000E86R,100
M0E20000000E86S,100
M0E20000000E86T,100
M0E20000000E86U,100
M0E20000000E86V,100
M0E20000000E86W,100
M0E20000000E86X,100
M0E20000000E86Y,100
M0E20000000E86Z,100
M0E20000000E870,100
M0E20000000E871,100
M0E20000000E872,100
M0E20000000E873,100
M0E20000000E874,100
M0E20000000E875,100
M0E20000000E876,100
M0E20000000E877,100
M0E20000000E878,100
M0E20000000E879,100
M0E20000000E87A,100
M0E20000000E87B,100
M0E20000000E87C,100
M0E20000000E87D,100
M0E20000000E87E,100
M0E20000000DU87,100
M0E20000000DU88,100
M0E20000000DU89,100
M0E20000000DU8A,100
M0E20000000DU8B,100
M0E20000000DU8C,100
M0E20000000DU8D,100
M0E20000000DU8E,100
M0E20000000EF07,100
M0E20000000EF08,100
M0E20000000EF09,100
M0E20000000EF0A,100
M0E20000000EF0B,100
M0E20000000EF0C,100
M0E20000000EF0D,100
M0E20000000EF0E,100
A0E200000002514,100
A0E20000000284M,100
M0E20000000DJVN,100
M0E20000000DJVO,100
M0E20000000DJVP,100
M0E20000000DJVQ,100
M0E20000000DJVR,100
M0E20000000DJVS,100
M0E20000000DJVT,100
M0E20000000DJVU,100
A0E20000000250R,100
M0E20000000EN5Z,100
M0E20000000EN60,100
M0E20000000EN61,100
M0E20000000EN62,100
M0E20000000EN63,100
M0E20000000EN64,100
M0E20000000EN65,100
M0E20000000EN66,100
M0E20000000EN67,100
M0E20000000EN68,100
M0E20000000EN69,100
M0E20000000EN6A,100
M0E20000000EN6B,100
M0E20000000EN6C,100
M0E20000000EN6D,100
M0E20000000EN6E,100
M0E20000000EN6F,100
s15look24,100
A0E2000000026HK,100
s15look29,100
M0E20000000DQRI,100
M0E20000000DQRJ,100
M0E20000000DQRK,100
M0E20000000DQRL,100
M0E20000000DQRM,100
M0E20000000DQRN,100
M0E20000000DQRO,100
M0E20000000DQRP,100
M0E20000000DQRQ,100
M0E20000000DQRR,100
M0E20000000DQRS,100
M0E20000000DQRT,100
M0E20000000DQRU,100
A0E200000001YN7,100
A0E2000000027D6,100
M0E20000000DG9D,100
M0E20000000DG9E,100
M0E20000000DG9F,100
M0E20000000DG9G,100
M0E20000000DG9H,100
M0E20000000DG9I,100
M0E20000000DG9J,100
M0E20000000DG9K,100
A0E2000000026I4,100
M0E20000000E1AI,100
M0E20000000E1AJ,100
M0E20000000E1AK,100
M0E20000000E1AL,100
M0E20000000E1AM,100
M0E20000000E1AN,100
M0E20000000E1AO,100
M0E20000000E1AP,100
M0E20000000E1AQ,100
M0E20000000E1AR,100
M0E20000000E1AS,100
M0E20000000E1AT,100
M0E20000000E1AU,100
M0E20000000E1AV,100
M0E20000000E1AW,100
M0E20000000E1AX,100
M0E20000000E1AY,100
M0E20000000DZLP,100
M0E20000000DZLQ,100
M0E20000000DZLR,100
M0E20000000DZLS,100
M0E20000000DZLT,100
M0E20000000DZLU,100
M0E20000000DZLV,100
M0E20000000DZLW,100
M0E20000000DZLX,100
M0E20000000DZLY,100
M0E20000000DZLZ,100
M0E20000000DZM0,100
M0E20000000DZM1,100
M0E20000000E5KL,100
M0E20000000E5KM,100
M0E20000000E5KN,100
M0E20000000E5KO,100
M0E20000000E5KP,100
M0E20000000E5KQ,100
M0E20000000E5KR,100
M0E20000000E5KS,100
A0E200000002E7L,100
A0E200000001WLW,100
M0E20000000E2R9,100
M0E20000000E2RA,100
M0E20000000E2RB,100
M0E20000000E2RC,100
M0E20000000E2RD,100
M0E20000000E2RE,100
M0E20000000E2RF,100
M0E20000000E2RG,100
M0E20000000E50Z,100
M0E20000000E510,100
M0E20000000E511,100
M0E20000000E512,100
M0E20000000E513,100
M0E20000000E514,100
M0E20000000E515,100
M0E20000000E516,100
M0E20000000DN0I,100
M0E20000000DN0J,100
M0E20000000DN0K,100
M0E20000000DN0L,100
M0E20000000DN0M,100
M0E20000000DN0N,100
M0E20000000DN0O,100
M0E20000000DN0P,100
M0E20000000DN0Q,100
M0E20000000DN0R,100
M0E20000000DN0S,100
M0E20000000DN0T,100
M0E20000000DN0U,100
M0E20000000DN0V,100
M0E20000000DN0W,100
M0E20000000DN0X,100
M0E20000000DN0Y,100
A0E200000001YUS,100
M0E20000000DSFR,100
M0E20000000DSFS,100
M0E20000000DSFT,100
M0E20000000DSFU,100
M0E20000000DSFV,100
M0E20000000DSFW,100
M0E20000000DSFX,100
M0E20000000DSFY,100
M0E20000000E3P7,100
M0E20000000E3P8,100
M0E20000000E3P9,100
M0E20000000E3PA,100
M0E20000000E3PB,100
M0E20000000E3PC,100
M0E20000000E3PD,100
M0E20000000E3PE,100
A0E2000000027CJ,100
M0E20000000DGF9,100
M0E20000000DGFA,100
M0E20000000DGFB,100
M0E20000000DGFC,100
M0E20000000DGFD,100
M0E20000000DGFE,100
M0E20000000DGFF,100
M0E20000000DGFG,100
M0E20000000E41Z,100
M0E20000000E420,100
M0E20000000E421,100
M0E20000000E422,100
M0E20000000E423,100
M0E20000000E424,100
M0E20000000E425,100
M0E20000000E426,100
M0E20000000E427,100
M0E20000000E428,100
M0E20000000E429,100
M0E20000000E42A,100
M0E20000000E42B,100
M0E20000000E42C,100
M0E20000000E42D,100
M0E20000000E42E,100
M0E20000000E42F,100
M0E20000000E42G,100
M0E20000000E42H,100
M0E20000000E42I,100
M0E20000000E42J,100
M0E20000000E42K,100
M0E20000000E42L,100
M0E20000000E42M,100
M0E20000000E42N,100
M0E20000000E310,100
M0E20000000E311,100
M0E20000000E312,100
M0E20000000E313,100
M0E20000000E314,100
M0E20000000E315,100
M0E20000000E316,100
M0E20000000E317,100
A0E20000000285L,100
A0E2000000026HV,100
M0E20000000EEFQ,100
M0E20000000EEFR,100
M0E20000000EEFS,100
M0E20000000EEFT,100
M0E20000000EEFU,100
M0E20000000EEFV,100
M0E20000000EEFW,100
M0E20000000EEFX,100
M0E20000000FEG9,100
M0E20000000FEGA,100
M0E20000000FEGB,100
M0E20000000FEGC,100
M0E20000000FEGD,100
M0E20000000FEGE,100
M0E20000000FEGF,100
M0E20000000FEGG,100
M0E20000000FEGH,100
M0E20000000FEGI,100
M0E20000000FEGJ,100
M0E20000000FEGK,100
M0E20000000FEGL,100
M0E20000000FEGM,100
M0E20000000FEGN,100
M0E20000000FEGO,100
M0E20000000FEGP,100
M0E20000000FEGQ,100
M0E20000000FEGR,100
M0E20000000FEGS,100
M0E20000000FEGT,100
M0E20000000FEGU,100
M0E20000000FEGV,100
M0E20000000FEGW,100
M0E20000000FEGX,100
M0E20000000DVQJ,100
M0E20000000DVQK,100
M0E20000000DVQL,100
M0E20000000DVQM,100
M0E20000000DVQN,100
M0E20000000DVQO,100
M0E20000000DVQP,100
M0E20000000DVQQ,100
M0E20000000E4PL,100
M0E20000000E4PM,100
M0E20000000E4PN,100
M0E20000000E4PO,100
M0E20000000E4PP,100
M0E20000000E4PQ,100
M0E20000000E4PR,100
M0E20000000E4PS,100
A0E200000001YW4,100
A0E2000000024Q7,100
M0E20000000EHW1,100
M0E20000000EHW2,100
M0E20000000EHW3,100
M0E20000000EHW4,100
M0E20000000EHW5,100
M0E20000000EHW6,100
M0E20000000EHW7,100
M0E20000000EHW8,100
M0E20000000EHW9,100
M0E20000000EHWA,100
M0E20000000EHWB,100
M0E20000000EHWC,100
M0E20000000EHWD,100
M0E20000000DLR7,100
M0E20000000DLR8,100
M0E20000000DLR9,100
M0E20000000DLRA,100
M0E20000000DLRB,100
M0E20000000DLRC,100
M0E20000000DLRD,100
M0E20000000DLRE,100
A0E20000000284K,100
M0E20000000EL0B,100
M0E20000000EL0C,100
M0E20000000EL0D,100
M0E20000000EL0E,100
M0E20000000EL0F,100
M0E20000000EL0G,100
M0E20000000EL0H,100
M0E20000000EL0I,100
A0E200000001X5E,100
A0E200000001UTW,100
M0E20000000F30V,100
M0E20000000F30W,100
M0E20000000F30X,100
M0E20000000F30Y,100
M0E20000000F30Z,100
M0E20000000F310,100
M0E20000000F311,100
M0E20000000F312,100
M0E20000000F313,100
M0E20000000F314,100
M0E20000000F315,100
M0E20000000F316,100
M0E20000000F317,100
M0E20000000F318,100
M0E20000000F319,100
M0E20000000F31A,100
M0E20000000F31B,100
M0E20000000F31C,100
M0E20000000F31D,100
M0E20000000F31E,100
M0E20000000F31F,100
M0E20000000F31G,100
M0E20000000F31H,100
M0E20000000F31I,100
M0E20000000F31J,100
M0E20000000DSTD,100
M0E20000000DSTE,100
M0E20000000DSTF,100
M0E20000000DSTG,100
M0E20000000DSTH,100
M0E20000000DSTI,100
M0E20000000DSTJ,100
M0E20000000DSTK,100
M0E20000000E8FF,100
M0E20000000E8FG,100
M0E20000000E8FH,100
M0E20000000E8FI,100
M0E20000000E8FJ,100
M0E20000000E8FK,100
M0E20000000E8FL,100
M0E20000000E8FM,100
M0E20000000E8FN,100
M0E20000000E8FO,100
M0E20000000E8FP,100
M0E20000000E8FQ,100
M0E20000000E8FR,100
M0E20000000E8FS,100
M0E20000000E8FT,100
M0E20000000E8FU,100
M0E20000000E8FV,100
M0E20000000E8FW,100
M0E20000000E8FX,100
M0E20000000E8FY,100
M0E20000000E8FZ,100
M0E20000000E8G0,100
M0E20000000E8G1,100
M0E20000000E8G2,100
M0E20000000E8G3,100
M0E20000000E8LE,100
M0E20000000E8LF,100
M0E20000000E8LG,100
M0E20000000E8LH,100
M0E20000000E8LI,100
M0E20000000E8LJ,100
M0E20000000E8LK,100
M0E20000000E8LL,100
M0E20000000E8LM,100
M0E20000000E8LN,100
M0E20000000E8LO,100
M0E20000000E8LP,100
M0E20000000E8LQ,100
M0E20000000DOE0,100
M0E20000000DOE1,100
M0E20000000DOE2,100
M0E20000000DOE3,100
M0E20000000DOE4,100
M0E20000000DOE5,100
M0E20000000DOE6,100
M0E20000000DOE7,100
M0E20000000DOE8,100
M0E20000000DOE9,100
M0E20000000DOEA,100
M0E20000000DOEB,100
M0E20000000DOEC,100
A0E2000000027BX,100
M0E20000000DQQG,100
M0E20000000DQQH,100
M0E20000000DQQI,100
M0E20000000DQQJ,100
M0E20000000DQQK,100
M0E20000000DQQL,100
M0E20000000DQQM,100
M0E20000000DQQN,100
A0E2000000021F6,100
M0E20000000E979,100
M0E20000000E97A,100
M0E20000000E97B,100
M0E20000000E97C,100
M0E20000000E97D,100
M0E20000000E97E,100
M0E20000000E97F,100
M0E20000000E97G,100
A0E20000000278T,100
M0E20000000EFV3,100
M0E20000000EFV4,100
M0E20000000EFV5,100
M0E20000000EFV6,100
M0E20000000EFV7,100
M0E20000000EFV8,100
M0E20000000EFV9,100
M0E20000000EFVA,100
s15look5,100
A0E2000000021VT,100
M0E20000000E2RX,100
M0E20000000E2RY,100
M0E20000000E2RZ,100
M0E20000000E2S0,100
M0E20000000E2S1,100
M0E20000000E2S2,100
M0E20000000E2S3,100
M0E20000000E2S4,100
M0E20000000E7WQ,100
M0E20000000E7WR,100
M0E20000000E7WS,100
M0E20000000E7WT,100
M0E20000000E7WU,100
M0E20000000E7WV,100
M0E20000000E7WW,100
M0E20000000E7WX,100
M0E20000000E7WY,100
M0E20000000E7WZ,100
M0E20000000E7X0,100
M0E20000000E7X1,100
M0E20000000E7X2,100
M0E20000000E7X3,100
M0E20000000E7X4,100
M0E20000000E7X5,100
M0E20000000E7X6,100
M0E20000000E7X7,100
M0E20000000E7X8,100
M0E20000000E7X9,100
M0E20000000E7XA,100
M0E20000000E7XB,100
M0E20000000E7XC,100
M0E20000000E7XD,100
M0E20000000E7XE,100
M0E20000000E1Y8,100
M0E20000000E1Y9,100
M0E20000000E1YA,100
M0E20000000E1YB,100
M0E20000000E1YC,100
M0E20000000E1YD,100
M0E20000000E1YE,100
M0E20000000E1YF,100
M0E20000000E1YG,100
M0E20000000E1YH,100
M0E20000000E1YI,100
M0E20000000E1YJ,100
M0E20000000E1YK,100
M0E20000000E1YL,100
M0E20000000E1YM,100
M0E20000000E1YN,100
M0E20000000E1YO,100
M0E20000000F0SP,100
M0E20000000F0SQ,100
M0E20000000F0SR,100
M0E20000000F0SS,100
M0E20000000F0ST,100
M0E20000000F0SU,100
M0E20000000F0SV,100
M0E20000000F0SW,100
M0E20000000EHR8,100
M0E20000000EHR9,100
M0E20000000EHRA,100
M0E20000000EHRB,100
M0E20000000EHRC,100
M0E20000000EHRD,100
M0E20000000EHRE,100
M0E20000000EHRF,100
M0E20000000EHRG,100
M0E20000000EHRH,100
M0E20000000EHRI,100
M0E20000000EHRJ,100
M0E20000000EHRK,100
M0E20000000DLYN,100
M0E20000000DLYO,100
M0E20000000DLYP,100
M0E20000000DLYQ,100
M0E20000000DLYR,100
M0E20000000DLYS,100
M0E20000000DLYT,100
M0E20000000DLYU,100
M0E20000000EHQ5,100
M0E20000000EHQ6,100
M0E20000000EHQ7,100
M0E20000000EHQ8,100
M0E20000000EHQ9,100
M0E20000000EHQA,100
M0E20000000EHQB,100
M0E20000000EHQC,100
M0E20000000EHQD,100
M0E20000000EHQE,100
M0E20000000EHQF,100
M0E20000000EHQG,100
M0E20000000EHQH,100
A0E2000000026U2,100
M0E20000000E4BX,100
M0E20000000E4BY,100
M0E20000000E4BZ,100
M0E20000000E4C0,100
M0E20000000E4C1,100
M0E20000000E4C2,100
M0E20000000E4C3,100
M0E20000000E4C4,100
A0E200000001YL7,100
M0E20000000E840,100
M0E20000000E841,100
M0E20000000E842,100
M0E20000000E843,100
M0E20000000E844,100
M0E20000000E845,100
M0E20000000E846,100
M0E20000000E847,100
M0E20000000DFYJ,100
M0E20000000DFYK,100
M0E20000000DFYL,100
M0E20000000DFYM,100
M0E20000000DFYN,100
M0E20000000DFYO,100
M0E20000000DFYP,100
M0E20000000DFYQ,100
M0E20000000DK8R,100
M0E20000000DK8S,100
M0E20000000DK8T,100
M0E20000000DK8U,100
M0E20000000DK8V,100
M0E20000000DK8W,100
M0E20000000DK8X,100
M0E20000000DK8Y,100
M0E20000000DK8Z,100
M0E20000000DK90,100
M0E20000000DK91,100
M0E20000000DK92,100
M0E20000000DK93,100
M0E20000000ECHH,100
M0E20000000ECHI,100
M0E20000000ECHJ,100
M0E20000000ECHK,100
M0E20000000ECHL,100
M0E20000000ECHM,100
M0E20000000ECHN,100
M0E20000000ECHO,100
M0E20000000ECHP,100
M0E20000000ECHQ,100
M0E20000000ECHR,100
M0E20000000ECHS,100
M0E20000000ECHT,100
M0E20000000ELWL,100
M0E20000000ELWM,100
M0E20000000ELWN,100
M0E20000000ELWO,100
M0E20000000ELWP,100
M0E20000000ELWQ,100
M0E20000000ELWR,100
M0E20000000ELWS,100
A0E2000000021V7,100
A0E200000001WFC,100
A0E2000000026T9,100
M0E20000000E2EF,100
M0E20000000E2EG,100
M0E20000000E2EH,100
M0E20000000E2EI,100
M0E20000000E2EJ,100
M0E20000000E2EK,100
M0E20000000E2EL,100
M0E20000000E2EM,100
A0E20000000251K,100
M0E20000000EH63,100
M0E20000000EH64,100
M0E20000000EH65,100
M0E20000000EH66,100
M0E20000000EH67,100
M0E20000000EH68,100
M0E20000000EH69,100
M0E20000000EH6A,100
M0E20000000E2PH,100
M0E20000000E2PI,100
M0E20000000E2PJ,100
M0E20000000E2PK,100
M0E20000000E2PL,100
M0E20000000E2PM,100
M0E20000000E2PN,100
M0E20000000E2PO,100
M0E20000000DTB5,100
M0E20000000DTB6,100
M0E20000000DTB7,100
M0E20000000DTB8,100
M0E20000000DTB9,100
M0E20000000DTBA,100
M0E20000000DTBB,100
M0E20000000DTBC,100
M0E20000000DTBD,100
M0E20000000DTBE,100
M0E20000000DTBF,100
M0E20000000DTBG,100
M0E20000000DTBH,100
M0E20000000DTBI,100
M0E20000000DTBJ,100
M0E20000000DTBK,100
M0E20000000DTBL,100
M0E20000000DTBM,100
M0E20000000DTBN,100
M0E20000000DTBO,100
M0E20000000DTBP,100
M0E20000000DTBQ,100
M0E20000000DTBR,100
M0E20000000DTBS,100
M0E20000000DTBT,100
M0E20000000DZH9,100
M0E20000000DZHA,100
M0E20000000DZHB,100
M0E20000000DZHC,100
M0E20000000DZHD,100
M0E20000000DZHE,100
M0E20000000DZHF,100
M0E20000000DZHG,100
M0E20000000DZHH,100
M0E20000000DZHI,100
M0E20000000DZHJ,100
M0E20000000DZHK,100
M0E20000000DZHL,100
A0E2000000026I1,100
A0E2000000027AZ,100
M0E20000000E5G6,100
M0E20000000E5G7,100
M0E20000000E5G8,100
M0E20000000E5G9,100
M0E20000000E5GA,100
M0E20000000E5GB,100
M0E20000000E5GC,100
M0E20000000E5GD,100
M0E20000000E5GE,100
M0E20000000E5GF,100
M0E20000000E5GG,100
M0E20000000E5GH,100
M0E20000000E5GI,100
M0E20000000E5GJ,100
M0E20000000E5GK,100
M0E20000000E5GL,100
M0E20000000E5GM,100
A0E2000000021V6,100
M0E20000000EDC5,100
M0E20000000EDC6,100
M0E20000000EDC7,100
M0E20000000EDC8,100
M0E20000000EDC9,100
M0E20000000EDCA,100
M0E20000000EDCB,100
M0E20000000EDCC,100
M0E20000000EDCD,100
M0E20000000EDCE,100
M0E20000000EDCF,100
M0E20000000EDCG,100
M0E20000000EDCH,100
M0E20000000EDCI,100
M0E20000000EDCJ,100
M0E20000000EDCK,100
M0E20000000EDCL,100
M0E20000000DGC3,100
M0E20000000DGC4,100
M0E20000000DGC5,100
M0E20000000DGC6,100
M0E20000000DGC7,100
M0E20000000DGC8,100
M0E20000000DGC9,100
M0E20000000DGCA,100
A0E200000001YUT,100
A0E20000000283D,100
M0E20000000ELFZ,100
M0E20000000ELG0,100
M0E20000000ELG1,100
M0E20000000ELG2,100
M0E20000000ELG3,100
M0E20000000ELG4,100
M0E20000000ELG5,100
M0E20000000EE9C,100
M0E20000000EE9D,100
M0E20000000EE9E,100
M0E20000000EE9F,100
M0E20000000EE9G,100
M0E20000000EE9H,100
M0E20000000EE9I,100
M0E20000000EE9J,100
M0E20000000EE9K,100
M0E20000000EE9L,100
M0E20000000EE9M,100
M0E20000000EE9N,100
M0E20000000EE9O,100
M0E20000000EE9P,100
M0E20000000EE9Q,100
M0E20000000EE9R,100
M0E20000000EE9S,100
M0E20000000DG2H,100
M0E20000000DG2I,100
M0E20000000DG2J,100
M0E20000000DG2K,100
M0E20000000DG2L,100
M0E20000000DG2M,100
M0E20000000DG2N,100
M0E20000000DG2O,100
A0E2000000021UD,100
M0E20000000EEV1,100
M0E20000000EEV2,100
M0E20000000EEV3,100
M0E20000000EEV4,100
M0E20000000EEV5,100
M0E20000000EEV6,100
M0E20000000EEV7,100
M0E20000000EEV8,100
M0E20000000E2WX,100
M0E20000000E2WY,100
M0E20000000E2WZ,100
M0E20000000E2X0,100
M0E20000000E2X1,100
M0E20000000E2X2,100
M0E20000000E2X3,100
M0E20000000E2X4,100
A0E200000002520,100
M0E20000000E8AC,100
M0E20000000E8AD,100
M0E20000000E8AE,100
M0E20000000E8AF,100
M0E20000000E8AG,100
M0E20000000E8AH,100
M0E20000000E8AI,100
M0E20000000E8AJ,100
M0E20000000E8AK,100
M0E20000000E8AL,100
M0E20000000E8AM,100
M0E20000000E8AN,100
M0E20000000E8AO,100
M0E20000000E8AP,100
M0E20000000E8AQ,100
M0E20000000E8AR,100
M0E20000000E8AS,100
M0E20000000E8AT,100
M0E20000000E8AU,100
M0E20000000E8AV,100
M0E20000000E8AW,100
M0E20000000E8AX,100
M0E20000000E8AY,100
M0E20000000E8AZ,100
M0E20000000E8B0,100
M0E20000000EBFE,100
M0E20000000EBFF,100
M0E20000000EBFG,100
M0E20000000EBFH,100
M0E20000000EBFI,100
M0E20000000EBFJ,100
M0E20000000EBFK,100
M0E20000000EBFL,100
M0E20000000EBFM,100
M0E20000000EBFN,100
M0E20000000EBFO,100
M0E20000000EBFP,100
M0E20000000EBFQ,100
M0E20000000EBFR,100
M0E20000000EBFS,100
M0E20000000EBFT,100
M0E20000000EBFU,100
M0E20000000EBFV,100
M0E20000000EBFW,100
M0E20000000EBFX,100
M0E20000000EBFY,100
M0E20000000EBFZ,100
M0E20000000EBG0,100
M0E20000000EBG1,100
M0E20000000EBG2,100
A0E2000000026IJ,100
M0E20000000E442,100
M0E20000000E443,100
M0E20000000E444,100
M0E20000000E445,100
M0E20000000E446,100
M0E20000000E447,100
M0E20000000E448,100
M0E20000000E449,100
M0E20000000E44A,100
M0E20000000E44B,100
M0E20000000E44C,100
M0E20000000E44D,100
M0E20000000E44E,100
M0E20000000E44F,100
M0E20000000E44G,100
M0E20000000E44H,100
M0E20000000E44I,100
M0E20000000E44J,100
M0E20000000E44K,100
M0E20000000E44L,100
M0E20000000E44M,100
M0E20000000E44N,100
M0E20000000E44O,100
M0E20000000E44P,100
M0E20000000E44Q,100
A0E200000001WG2,100
A0E200000002521,100
M0E20000000EKZI,100
M0E20000000EKZJ,100
M0E20000000EKZK,100
M0E20000000EKZL,100
M0E20000000EKZM,100
M0E20000000EKZN,100
M0E20000000EKZO,100
M0E20000000EKZP,100
M0E20000000EEAA,100
M0E20000000EEAB,100
M0E20000000EEAC,100
M0E20000000EEAD,100
M0E20000000EEAE,100
M0E20000000EEAF,100
M0E20000000EEAG,100
M0E20000000EEAH,100
M0E20000000EEAI,100
M0E20000000EEAJ,100
M0E20000000EEAK,100
M0E20000000EEAL,100
M0E20000000EEAM,100
M0E20000000EEAN,100
M0E20000000EEAO,100
M0E20000000EEAP,100
M0E20000000EEAQ,100
A0E200000001YNR,100
M0E20000000EMO4,100
M0E20000000EMO5,100
M0E20000000EMO6,100
M0E20000000EMO7,100
M0E20000000EMO8,100
M0E20000000EMO9,100
M0E20000000EMOA,100
M0E20000000EMOB,100
M0E20000000EMOC,100
M0E20000000EMOD,100
M0E20000000EMOE,100
M0E20000000EMOF,100
M0E20000000EMOG,100
M0E20000000EMOH,100
M0E20000000EMOI,100
M0E20000000EMOJ,100
M0E20000000EMOK,100
M0E20000000EMOL,100
M0E20000000EMOM,100
M0E20000000EMON,100
M0E20000000EMOO,100
M0E20000000EMOP,100
M0E20000000EMOQ,100
M0E20000000EMOR,100
M0E20000000EMOS,100
M0E20000000EASY,100
M0E20000000EASZ,100
M0E20000000EAT0,100
M0E20000000EAT1,100
M0E20000000EAT2,100
M0E20000000EAT3,100
M0E20000000EAT4,100
M0E20000000EAT5,100
M0E20000000DUUJ,100
M0E20000000DUUK,100
M0E20000000DUUL,100
M0E20000000DUUM,100
M0E20000000DUUN,100
M0E20000000DUUO,100
M0E20000000DUUP,100
M0E20000000DUUQ,100
M0E20000000DUUR,100
M0E20000000DUUS,100
M0E20000000DUUT,100
M0E20000000DUUU,100
M0E20000000DUUV,100
M0E20000000DUUW,100
M0E20000000DUUX,100
M0E20000000DUUY,100
M0E20000000DUUZ,100
M0E20000000EFVZ,100
M0E20000000EFW0,100
M0E20000000EFW1,100
M0E20000000EFW2,100
M0E20000000EFW3,100
M0E20000000EFW4,100
M0E20000000EFW5,100
M0E20000000EFW6,100
M0E20000000EGML,100
M0E20000000EGMM,100
M0E20000000EGMN,100
M0E20000000EGMO,100
M0E20000000EGMP,100
M0E20000000EGMQ,100
M0E20000000EGMR,100
M0E20000000EGMS,100
M0E20000000ECNO,100
M0E20000000ECNP,100
M0E20000000ECNQ,100
M0E20000000ECNR,100
M0E20000000ECNS,100
M0E20000000ECNT,100
M0E20000000ECNU,100
M0E20000000ECNV,100
A0E2000000027CO,100
M0E20000000E0EB,100
M0E20000000E0EC,100
M0E20000000E0ED,100
M0E20000000E0EE,100
M0E20000000E0EF,100
M0E20000000E0EG,100
M0E20000000E0EH,100
M0E20000000E0EI,100
M0E20000000E0EJ,100
M0E20000000E0EK,100
M0E20000000E0EL,100
M0E20000000E0EM,100
M0E20000000E0EN,100
M0E20000000E0EO,100
M0E20000000E0EP,100
M0E20000000E0EQ,100
M0E20000000E0ER,100
A0E20000000283Z,100
M0E20000000DUA5,100
M0E20000000DUA6,100
M0E20000000DUA7,100
M0E20000000DUA8,100
M0E20000000DUA9,100
M0E20000000DUAA,100
M0E20000000DUAB,100
M0E20000000DUAC,100
M0E20000000E3UC,100
M0E20000000E3UD,100
M0E20000000E3UE,100
M0E20000000E3UF,100
M0E20000000E3UG,100
M0E20000000E3UH,100
M0E20000000E3UI,100
M0E20000000E3UJ,100
M0E20000000E3UK,100
M0E20000000E3UL,100
M0E20000000E3UM,100
M0E20000000E3UN,100
M0E20000000E3UO,100
M0E20000000E3UP,100
M0E20000000E3UQ,100
M0E20000000E3UR,100
M0E20000000E3US,100
M0E20000000E3UT,100
M0E20000000E3UU,100
M0E20000000E3UV,100
M0E20000000E3UW,100
M0E20000000E3UX,100
M0E20000000E3UY,100
M0E20000000E3UZ,100
M0E20000000E3V0,100
M0E20000000DOIN,100
M0E20000000DOIO,100
M0E20000000DOIP,100
M0E20000000DOIQ,100
M0E20000000DOIR,100
M0E20000000DOIS,100
M0E20000000DOIT,100
M0E20000000DOIU,100
M0E20000000DOIV,100
M0E20000000DOIW,100
M0E20000000DOIX,100
M0E20000000DOIY,100
M0E20000000DOIZ,100
M0E20000000DOJ0,100
M0E20000000DOJ1,100
M0E20000000DOJ2,100
M0E20000000DOJ3,100
M0E20000000DOJ4,100
M0E20000000DOJ5,100
M0E20000000DOJ6,100
M0E20000000DOJ7,100
M0E20000000DOJ8,100
M0E20000000DOJ9,100
M0E20000000DOJA,100
M0E20000000DOJB,100
A0E2000000026IN,100
M0E20000000DKJV,100
M0E20000000DKJW,100
M0E20000000DKJX,100
M0E20000000DKJY,100
M0E20000000DKJZ,100
M0E20000000DKK0,100
M0E20000000DKK1,100
M0E20000000DKK2,100
M0E20000000DKK3,100
M0E20000000DKK4,100
M0E20000000DKK5,100
M0E20000000DKK6,100
M0E20000000DKK7,100
A0E2000000023B7,100
M0E20000000ESB6,100
M0E20000000ESB7,100
M0E20000000ESB8,100
M0E20000000ESB9,100
M0E20000000ESBA,100
M0E20000000ESBB,100
M0E20000000ESBC,100
M0E20000000ESBD,100
M0E20000000ESBE,100
M0E20000000ESBF,100
M0E20000000ESBG,100
M0E20000000ESBH,100
M0E20000000ESBI,100
M0E20000000ESBJ,100
M0E20000000ESBK,100
M0E20000000ESBL,100
M0E20000000ESBM,100
M0E20000000ESBN,100
M0E20000000ESBO,100
M0E20000000ESBP,100
M0E20000000ESBQ,100
M0E20000000ESBR,100
M0E20000000ESBS,100
M0E20000000ESBT,100
M0E20000000ESBU,100
M0E20000000EHQI,100
M0E20000000EHQJ,100
M0E20000000EHQK,100
M0E20000000EHQL,100
M0E20000000EHQM,100
M0E20000000EHQN,100
M0E20000000EHQO,100
M0E20000000EHQP,100
M0E20000000EHQQ,100
M0E20000000EHQR,100
M0E20000000EHQS,100
M0E20000000EHQT,100
M0E20000000EHQU,100
M0E20000000DOX2,100
M0E20000000DOX3,100
M0E20000000DOX4,100
M0E20000000DOX5,100
M0E20000000DOX6,100
M0E20000000DOX7,100
M0E20000000DOX8,100
M0E20000000DOX9,100
M0E20000000DOXA,100
M0E20000000DOXB,100
M0E20000000DOXC,100
M0E20000000DOXD,100
M0E20000000DOXE,100
M0E20000000DWXZ,100
M0E20000000DWY0,100
M0E20000000DWY1,100
M0E20000000DWY2,100
M0E20000000DWY3,100
M0E20000000DWY4,100
M0E20000000DWY5,100
M0E20000000DWY6,100
M0E20000000DWY7,100
M0E20000000DWY8,100
M0E20000000DWY9,100
M0E20000000DWYA,100
M0E20000000DWYB,100
M0E20000000DWYC,100
M0E20000000DWYD,100
M0E20000000DWYE,100
M0E20000000DWYF,100
A0E2000000021XN,100
M0E20000000E10E,100
M0E20000000E10F,100
M0E20000000E10G,100
M0E20000000E10H,100
M0E20000000E10I,100
M0E20000000E10J,100
M0E20000000E10K,100
M0E20000000E10L,100
M0E20000000E10M,100
M0E20000000E10N,100
M0E20000000E10O,100
M0E20000000E10P,100
M0E20000000E10Q,100
M0E20000000E10R,100
M0E20000000E10S,100
M0E20000000E10T,100
M0E20000000E10U,100
M0E20000000E10V,100
M0E20000000E10W,100
M0E20000000E10X,100
M0E20000000E10Y,100
M0E20000000E10Z,100
M0E20000000E110,100
M0E20000000E111,100
M0E20000000E112,100
M0E20000000DLIA,100
M0E20000000DLIB,100
M0E20000000DLIC,100
M0E20000000DLID,100
M0E20000000DLIE,100
M0E20000000DLIF,100
M0E20000000DLIG,100
M0E20000000DLIH,100
M0E20000000DLII,100
M0E20000000DLIJ,100
M0E20000000DLIK,100
M0E20000000DLIL,100
M0E20000000DLIM,100
M0E20000000DITO,100
M0E20000000DITP,100
M0E20000000DITQ,100
M0E20000000DITR,100
M0E20000000DITS,100
M0E20000000DITT,100
M0E20000000DITU,100
M0E20000000DITV,100
M0E20000000DITW,100
M0E20000000DITX,100
A0E200000001WNJ,100
A0E2000000022MD,100
M0E20000000DNYN,100
M0E20000000DNYO,100
M0E20000000DNYP,100
M0E20000000DNYQ,100
M0E20000000DNYR,100
M0E20000000DNYS,100
M0E20000000DNYT,100
M0E20000000DNYU,100
M0E20000000E53R,100
M0E20000000E53S,100
M0E20000000E53T,100
M0E20000000E53U,100
M0E20000000E53V,100
M0E20000000E53W,100
M0E20000000E53X,100
M0E20000000E53Y,100
A0E2000000026GX,100
A0E200000001WBL,100
s15look37,100
A0E200000002CHF,100
A0E200000001YM7,100
M0E20000000ELWT,100
M0E20000000ELWU,100
M0E20000000ELWV,100
M0E20000000ELWW,100
M0E20000000ELWX,100
M0E20000000ELWY,100
M0E20000000ELWZ,100
M0E20000000ELX0,100
A0E2000000021TU,100
A0E20000000285X,100
A0E200000001UTR,100
A0E2000000024ZW,100
A0E200000002AC5,100
M0E20000000DUH3,100
M0E20000000DUH4,100
M0E20000000DUH5,100
M0E20000000DUH6,100
M0E20000000DUH7,100
M0E20000000DUH8,100
M0E20000000DUH9,100
M0E20000000DUHA,100
M0E20000000DUHB,100
M0E20000000DUHC,100
M0E20000000DUHD,100
M0E20000000DUHE,100
M0E20000000DUHF,100
M0E20000000DUHG,100
M0E20000000DUHH,100
M0E20000000DUHI,100
M0E20000000DUHJ,100
A0E2000000026DN,100
M0E20000000EBQD,100
M0E20000000EBQE,100
M0E20000000EBQF,100
M0E20000000EBQG,100
M0E20000000EBQH,100
M0E20000000EBQI,100
M0E20000000EBQJ,100
M0E20000000EBQK,100
A0E200000002539,100
A0E2000000021U9,100
A0E200000001X5C,100
M0E20000000E0W8,100
M0E20000000E0W9,100
M0E20000000E0WA,100
M0E20000000E0WB,100
M0E20000000E0WC,100
M0E20000000E0WD,100
M0E20000000E0WE,100
M0E20000000E0WF,100
M0E20000000E0WG,100
M0E20000000E0WH,100
M0E20000000E0WI,100
M0E20000000E0WJ,100
M0E20000000E0WK,100
M0E20000000E0WL,100
M0E20000000E0WM,100
M0E20000000E0WN,100
M0E20000000E0WO,100
M0E20000000E0WP,100
M0E20000000E0WQ,100
M0E20000000E0WR,100
M0E20000000E0WS,100
M0E20000000E0WT,100
M0E20000000E0WU,100
M0E20000000E0WV,100
M0E20000000E0WW,100
M0E20000000E5BH,100
M0E20000000E5BI,100
M0E20000000E5BJ,100
M0E20000000E5BK,100
M0E20000000E5BL,100
M0E20000000E5BM,100
M0E20000000E5BN,100
M0E20000000E5BO,100
M0E20000000E5BP,100
M0E20000000E5BQ,100
M0E20000000E5BR,100
M0E20000000E5BS,100
M0E20000000E5BT,100
M0E20000000E5BU,100
M0E20000000E5BV,100
M0E20000000E5BW,100
M0E20000000E5BX,100
M0E20000000E2ST,100
M0E20000000E2SU,100
M0E20000000E2SV,100
M0E20000000E2SW,100
M0E20000000E2SX,100
M0E20000000E2SY,100
M0E20000000E2SZ,100
M0E20000000E2T0,100
A0E2000000027AA,100
M0E20000000DIR1,100
M0E20000000DIR2,100
M0E20000000DIR3,100
M0E20000000DIR4,100
M0E20000000DIR5,100
M0E20000000DIR6,100
M0E20000000DIR7,100
M0E20000000DIR8,100
M0E20000000DIR9,100
M0E20000000DIRA,100
M0E20000000EHRY,100
M0E20000000EHRZ,100
M0E20000000EHS0,100
M0E20000000EHS1,100
M0E20000000EHS2,100
M0E20000000EHS3,100
M0E20000000EHS4,100
M0E20000000EHS5,100
M0E20000000EHS6,100
M0E20000000EHS7,100
M0E20000000EHS8,100
M0E20000000EHS9,100
M0E20000000EHSA,100
M0E20000000DK7N,100
M0E20000000DK7O,100
M0E20000000DK7P,100
M0E20000000DK7Q,100
M0E20000000DK7R,100
M0E20000000DK7S,100
M0E20000000DK7T,100
M0E20000000DK7U,100
M0E20000000DK7V,100
M0E20000000DK7W,100
M0E20000000DK7X,100
M0E20000000DK7Y,100
M0E20000000DK7Z,100
A0E2000000022N9,100
A0E200000002EEJ,100
A0E2000000024ZR,100
M0E20000000EL68,100
M0E20000000EL69,100
M0E20000000EL6A,100
M0E20000000EL6B,100
M0E20000000EL6C,100
M0E20000000EL6D,100
M0E20000000EL6E,100
M0E20000000EL6F,100
M0E20000000ED0W,100
M0E20000000ED0X,100
M0E20000000ED0Y,100
M0E20000000ED0Z,100
M0E20000000ED10,100
M0E20000000ED11,100
M0E20000000ED12,100
M0E20000000ED13,100
M0E20000000ED14,100
M0E20000000ED15,100
M0E20000000ED16,100
M0E20000000ED17,100
M0E20000000ED18,100
A0E200000001X5Y,100
M0E20000000E8KB,100
M0E20000000E8KC,100
M0E20000000E8KD,100
M0E20000000E8KE,100
M0E20000000E8KF,100
M0E20000000E8KG,100
M0E20000000E8KH,100
M0E20000000E8KI,100
M0E20000000E8KJ,100
M0E20000000E8KK,100
M0E20000000E8KL,100
M0E20000000E8KM,100
M0E20000000E8KN,100
M0E20000000EEBX,100
M0E20000000EEBY,100
M0E20000000EEBZ,100
M0E20000000EEC0,100
M0E20000000EEC1,100
M0E20000000EEC2,100
M0E20000000EEC3,100
M0E20000000EEC4,100
M0E20000000EEC5,100
M0E20000000EEC6,100
M0E20000000EEC7,100
M0E20000000EEC8,100
M0E20000000EEC9,100
M0E20000000EECA,100
M0E20000000EECB,100
M0E20000000EECC,100
M0E20000000EECD,100
A0E200000001YT9,100
A0E200000002EGB,100
M0E20000000DGH7,100
M0E20000000DGH8,100
M0E20000000DGH9,100
M0E20000000DGHA,100
M0E20000000DGHB,100
M0E20000000DGHC,100
M0E20000000DGHD,100
M0E20000000DGHE,100
A0E2000000020WO,100
M0E20000000EEXP,100
M0E20000000EEXQ,100
M0E20000000EEXR,100
M0E20000000EEXS,100
M0E20000000EEXT,100
M0E20000000EEXU,100
M0E20000000EEXV,100
M0E20000000EEXW,100
M0E20000000EEZR,100
M0E20000000EEZS,100
M0E20000000EEZT,100
M0E20000000EEZU,100
M0E20000000EEZV,100
M0E20000000EEZW,100
M0E20000000EEZX,100
M0E20000000EEZY,100
M0E20000000DWI6,100
M0E20000000DWI7,100
M0E20000000DWI8,100
M0E20000000DWI9,100
M0E20000000DWIA,100
M0E20000000DWIB,100
M0E20000000DWIC,100
M0E20000000DWID,100
M0E20000000DWIE,100
M0E20000000DWIF,100
M0E20000000DWIG,100
M0E20000000DWIH,100
M0E20000000DWII,100
M0E20000000DWIJ,100
M0E20000000DWIK,100
M0E20000000DWIL,100
M0E20000000DWIM,100
M0E20000000DWIN,100
M0E20000000DWIO,100
M0E20000000DWIP,100
M0E20000000DWIQ,100
M0E20000000DWIR,100
M0E20000000DWIS,100
M0E20000000DWIT,100
M0E20000000DWIU,100
A0E2000000021XV,100
M0E20000000EE0F,100
M0E20000000EE0G,100
M0E20000000EE0H,100
M0E20000000EE0I,100
M0E20000000EE0J,100
M0E20000000EE0K,100
M0E20000000EE0L,100
M0E20000000EE0M,100
M0E20000000DVY1,100
M0E20000000DVY2,100
M0E20000000DVY3,100
M0E20000000DVY4,100
M0E20000000DVY5,100
M0E20000000DVY6,100
M0E20000000DVY7,100
M0E20000000DVY8,100
M0E20000000DVY9,100
M0E20000000DVYA,100
M0E20000000DVYB,100
M0E20000000DVYC,100
M0E20000000DVYD,100
M0E20000000DVYE,100
M0E20000000DVYF,100
M0E20000000DVYG,100
M0E20000000DVYH,100
M0E20000000DVYI,100
M0E20000000DVYJ,100
M0E20000000DVYK,100
M0E20000000DVYL,100
M0E20000000DVYM,100
M0E20000000DVYN,100
M0E20000000DVYO,100
M0E20000000DVYP,100
A0E200000001WOY,100
M0E20000000DJI3,100
M0E20000000DJI4,100
M0E20000000DJI5,100
M0E20000000DJI6,100
M0E20000000DJI7,100
M0E20000000DJI8,100
M0E20000000DJI9,100
M0E20000000DJIA,100
M0E20000000DJIB,100
M0E20000000DJIC,100
M0E20000000DJID,100
M0E20000000DJIE,100
M0E20000000DJIF,100
A0E200000002BDI,100
A0E200000002BDJ,100
M0E20000000EDXW,100
M0E20000000EDXX,100
M0E20000000EDXY,100
M0E20000000EDXZ,100
M0E20000000EDY0,100
M0E20000000EDY1,100
M0E20000000EDY2,100
M0E20000000EDY3,100
M0E20000000EDY4,100
M0E20000000EDY5,100
M0E20000000EDY6,100
M0E20000000EDY7,100
M0E20000000EDY8,100
M0E20000000EADC,100
M0E20000000EADD,100
M0E20000000EADE,100
M0E20000000EADF,100
M0E20000000EADG,100
M0E20000000EADH,100
M0E20000000EADI,100
M0E20000000EADJ,100
M0E20000000EADK,100
M0E20000000EADL,100
M0E20000000EADM,100
M0E20000000EADN,100
M0E20000000EADO,100
M0E20000000EADP,100
M0E20000000EADQ,100
M0E20000000EADR,100
M0E20000000EADS,100
M0E20000000EADT,100
M0E20000000EADU,100
M0E20000000EADV,100
M0E20000000EADW,100
M0E20000000EADX,100
M0E20000000EADY,100
M0E20000000EADZ,100
M0E20000000EAE0,100
M0E20000000E6WH,100
M0E20000000E6WI,100
M0E20000000E6WJ,100
M0E20000000E6WK,100
M0E20000000E6WL,100
M0E20000000E6WM,100
M0E20000000E6WN,100
M0E20000000E6WO,100
M0E20000000E6WP,100
M0E20000000E6WQ,100
M0E20000000E6WR,100
M0E20000000E6WS,100
M0E20000000E6WT,100
M0E20000000E6WU,100
M0E20000000E6WV,100
M0E20000000E6WW,100
M0E20000000E6WX,100
M0E20000000E6WY,100
M0E20000000E6WZ,100
M0E20000000E6X0,100
M0E20000000E6X1,100
M0E20000000E6X2,100
M0E20000000E6X3,100
M0E20000000E6X4,100
M0E20000000E6X5,100
M0E20000000E2OL,100
M0E20000000E2OM,100
M0E20000000E2ON,100
M0E20000000E2OO,100
M0E20000000E2OP,100
M0E20000000E2OQ,100
M0E20000000E2OR,100
M0E20000000E2OS,100
M0E20000000EKP0,100
M0E20000000EKP1,100
M0E20000000EKP2,100
M0E20000000EKP3,100
M0E20000000EKP4,100
M0E20000000EKP5,100
M0E20000000EKP6,100
M0E20000000EKP7,100
M0E20000000EKP8,100
M0E20000000EKP9,100
M0E20000000EKPA,100
M0E20000000EKPB,100
M0E20000000EKPC,100
M0E20000000EKPD,100
M0E20000000EKPE,100
M0E20000000EKPF,100
M0E20000000EKPG,100
M0E20000000EKPH,100
M0E20000000EKPI,100
M0E20000000EKPJ,100
M0E20000000EKPK,100
M0E20000000EKPL,100
M0E20000000EKPM,100
M0E20000000EKPN,100
M0E20000000EKPO,100
M0E20000000DJOS,100
M0E20000000DJOT,100
M0E20000000DJOU,100
M0E20000000DJOV,100
M0E20000000DJOW,100
M0E20000000DJOX,100
M0E20000000DJOY,100
M0E20000000DJOZ,100
M0E20000000DJP0,100
M0E20000000DJP1,100
M0E20000000DJP2,100
M0E20000000DJP3,100
M0E20000000DJP4,100
s15look77,100
M0E20000000EHJ7,100
M0E20000000EHJ8,100
M0E20000000EHJ9,100
M0E20000000EHJA,100
M0E20000000EHJB,100
M0E20000000EHJC,100
M0E20000000EHJD,100
M0E20000000EHJE,100
A0E2000000022H3,100
M0E20000000E8NK,100
M0E20000000E8NL,100
M0E20000000E8NM,100
M0E20000000E8NN,100
M0E20000000E8NO,100
M0E20000000E8NP,100
M0E20000000E8NQ,100
M0E20000000E8NR,100
M0E20000000E8NS,100
M0E20000000E8NT,100
M0E20000000E8NU,100
M0E20000000E8NV,100
M0E20000000E8NW,100
A0E200000001Z1G,100
M0E20000000DL5W,100
M0E20000000DL5X,100
M0E20000000DL5Y,100
M0E20000000DL5Z,100
M0E20000000DL60,100
M0E20000000DL61,100
M0E20000000DL62,100
M0E20000000DL63,100
M0E20000000DL64,100
M0E20000000DL65,100
A0E200000002E67,100
M0E20000000DFZN,100
M0E20000000DFZO,100
M0E20000000DFZP,100
M0E20000000DFZQ,100
M0E20000000DFZR,100
M0E20000000DFZS,100
M0E20000000DFZT,100
M0E20000000DFZU,100
M0E20000000DGIL,100
M0E20000000DGIM,100
M0E20000000DGIN,100
M0E20000000DGIO,100
M0E20000000DGIP,100
M0E20000000DGIQ,100
M0E20000000DGIR,100
M0E20000000DGIS,100
M0E20000000DLVM,100
M0E20000000DLVN,100
M0E20000000DLVO,100
M0E20000000DLVP,100
M0E20000000DLVQ,100
M0E20000000DLVR,100
M0E20000000DLVS,100
M0E20000000DLVT,100
M0E20000000DLVU,100
M0E20000000DLVV,100
M0E20000000DLVW,100
M0E20000000DLVX,100
M0E20000000DLVY,100
M0E20000000E1DO,100
M0E20000000E1DP,100
M0E20000000E1DQ,100
M0E20000000E1DR,100
M0E20000000E1DS,100
M0E20000000E1DT,100
M0E20000000E1DU,100
M0E20000000E1DV,100
M0E20000000E1DW,100
M0E20000000E1DX,100
M0E20000000E1DY,100
M0E20000000E1DZ,100
M0E20000000E1E0,100
A0E2000000024B1,100
M0E20000000DSWE,100
M0E20000000DSWF,100
M0E20000000DSWG,100
M0E20000000DSWH,100
M0E20000000DSWI,100
M0E20000000DSWJ,100
M0E20000000DSWK,100
M0E20000000DSWL,100
M0E20000000DSWM,100
M0E20000000DSWN,100
M0E20000000DSWO,100
M0E20000000DSWP,100
M0E20000000DSWQ,100
A0E20000000278Y,100
M0E20000000EE13,100
M0E20000000EE14,100
M0E20000000EE15,100
M0E20000000EE16,100
M0E20000000EE17,100
M0E20000000EE18,100
M0E20000000EE19,100
M0E20000000EE1A,100
M0E20000000DTYH,100
M0E20000000DTYI,100
M0E20000000DTYJ,100
M0E20000000DTYK,100
M0E20000000DTYL,100
M0E20000000DTYM,100
M0E20000000DTYN,100
M0E20000000DTYO,100
M0E20000000EJOC,100
M0E20000000EJOD,100
M0E20000000EJOE,100
M0E20000000EJOF,100
M0E20000000EJOG,100
M0E20000000EJOH,100
M0E20000000EJOI,100
M0E20000000EJOJ,100
M0E20000000EJOK,100
M0E20000000EJOL,100
M0E20000000EJOM,100
M0E20000000EJON,100
M0E20000000EJOO,100
M0E20000000EJOP,100
M0E20000000EJOQ,100
M0E20000000EJOR,100
M0E20000000EJOS,100
M0E20000000EJOT,100
M0E20000000EJOU,100
M0E20000000EJOV,100
M0E20000000EJOW,100
M0E20000000EJOX,100
M0E20000000EJOY,100
M0E20000000EJOZ,100
M0E20000000EJP0,100
A0E200000002961,100
M0E20000000DSCL,100
M0E20000000DSCM,100
M0E20000000DSCN,100
M0E20000000DSCO,100
M0E20000000DSCP,100
M0E20000000DSCQ,100
M0E20000000DSCR,100
M0E20000000DSCS,100
M0E20000000DUKF,100
M0E20000000DUKG,100
M0E20000000DUKH,100
M0E20000000DUKI,100
M0E20000000DUKJ,100
M0E20000000DUKK,100
M0E20000000DUKL,100
M0E20000000DUKM,100
M0E20000000DUKN,100
M0E20000000DUKO,100
M0E20000000DUKP,100
M0E20000000DUKQ,100
M0E20000000DUKR,100
M0E20000000DUKS,100
M0E20000000DUKT,100
M0E20000000DUKU,100
M0E20000000DUKV,100
M0E20000000DQTH,100
M0E20000000DQTI,100
M0E20000000DQTJ,100
M0E20000000DQTK,100
M0E20000000DQTL,100
M0E20000000DQTM,100
M0E20000000DQTN,100
M0E20000000DQTO,100
A0E2000000027BY,100
A0E200000001X5L,100
M0E20000000ECYQ,100
M0E20000000ECYR,100
M0E20000000ECYS,100
M0E20000000ECYT,100
M0E20000000ECYU,100
M0E20000000ECYV,100
M0E20000000ECYW,100
M0E20000000ECYX,100
M0E20000000ECYY,100
M0E20000000ECYZ,100
M0E20000000ECZ0,100
M0E20000000ECZ1,100
M0E20000000ECZ2,100
A0E2000000026HZ,100
A0E200000001X64,100
M0E20000000DZIG,100
M0E20000000DZIH,100
M0E20000000DZII,100
M0E20000000DZIJ,100
M0E20000000DZIK,100
M0E20000000DZIL,100
M0E20000000DZIM,100
M0E20000000DZIN,100
M0E20000000DZIO,100
M0E20000000DZIP,100
M0E20000000DZIQ,100
M0E20000000DZIR,100
M0E20000000DZIS,100
A0E2000000024PD,100
A0E200000001Z0Y,100
M0E20000000DJU1,100
M0E20000000DJU2,100
M0E20000000DJU3,100
M0E20000000DJU4,100
M0E20000000DJU5,100
M0E20000000DJU6,100
M0E20000000DJU7,100
M0E20000000DJU8,100
M0E20000000DJU9,100
M0E20000000DJUA,100
M0E20000000DJUB,100
M0E20000000DJUC,100
M0E20000000DJUD,100
A0E200000002E4J,100
A0E200000001WRP,100
M0E20000000DSDJ,100
M0E20000000DSDK,100
M0E20000000DSDL,100
M0E20000000DSDM,100
M0E20000000DSDN,100
M0E20000000DSDO,100
M0E20000000DSDP,100
M0E20000000DSDQ,100
A0E200000001YUP,100
A0E200000002BLA,100
M0E20000000ECT7,100
M0E20000000ECT8,100
M0E20000000ECT9,100
M0E20000000ECTA,100
M0E20000000ECTB,100
M0E20000000ECTC,100
M0E20000000ECTD,100
M0E20000000ECTE,100
M0E20000000E3TN,100
M0E20000000E3TO,100
M0E20000000E3TP,100
M0E20000000E3TQ,100
M0E20000000E3TR,100
M0E20000000E3TS,100
M0E20000000E3TT,100
M0E20000000E3TU,100
M0E20000000E3TV,100
M0E20000000E3TW,100
M0E20000000E3TX,100
M0E20000000E3TY,100
M0E20000000E3TZ,100
M0E20000000E3U0,100
M0E20000000E3U1,100
M0E20000000E3U2,100
M0E20000000E3U3,100
M0E20000000E3U4,100
M0E20000000E3U5,100
M0E20000000E3U6,100
M0E20000000E3U7,100
M0E20000000E3U8,100
M0E20000000E3U9,100
M0E20000000E3UA,100
M0E20000000E3UB,100
M0E20000000E2V5,100
M0E20000000E2V6,100
M0E20000000E2V7,100
M0E20000000E2V8,100
M0E20000000E2V9,100
M0E20000000E2VA,100
M0E20000000E2VB,100
M0E20000000E2VC,100
A0E200000001YLE,100
M0E20000000EMX0,100
M0E20000000EMX1,100
M0E20000000EMX2,100
M0E20000000EMX3,100
M0E20000000EMX4,100
M0E20000000EMX5,100
M0E20000000EMX6,100
M0E20000000EMX7,100
M0E20000000EMX8,100
M0E20000000EMX9,100
M0E20000000EMXA,100
M0E20000000EMXB,100
M0E20000000EMXC,100
M0E20000000EMXD,100
M0E20000000EMXE,100
M0E20000000EMXF,100
M0E20000000EMXG,100
M0E20000000EMXH,100
M0E20000000EMXI,100
M0E20000000EMXJ,100
M0E20000000EMXK,100
M0E20000000EMXL,100
M0E20000000EMXM,100
M0E20000000EMXN,100
M0E20000000EMXO,100
M0E20000000E1Q3,100
M0E20000000E1Q4,100
M0E20000000E1Q5,100
M0E20000000E1Q6,100
M0E20000000E1Q7,100
M0E20000000E1Q8,100
M0E20000000E1Q9,100
M0E20000000E1QA,100
M0E20000000E1QB,100
M0E20000000E1QC,100
M0E20000000E1QD,100
M0E20000000E1QE,100
M0E20000000E1QF,100
A0E200000001YT7,100
A0E2000000023AK,100
s15look53,100
M0E20000000ECO4,100
M0E20000000ECO5,100
M0E20000000ECO6,100
M0E20000000ECO7,100
M0E20000000ECO8,100
M0E20000000ECO9,100
M0E20000000ECOA,100
M0E20000000ECOB,100
M0E20000000EESL,100
M0E20000000EESM,100
M0E20000000EESN,100
M0E20000000EESO,100
M0E20000000EESP,100
M0E20000000EESQ,100
M0E20000000EESR,100
M0E20000000EESS,100
A0E200000001WFO,100
A0E2000000021SX,100
A0E200000002BG6,100
M0E20000000E1ZJ,100
M0E20000000E1ZK,100
M0E20000000E1ZL,100
M0E20000000E1ZM,100
M0E20000000E1ZN,100
M0E20000000E1ZO,100
M0E20000000E1ZP,100
M0E20000000E1ZQ,100
M0E20000000E1ZR,100
M0E20000000E1ZS,100
M0E20000000E1ZT,100
M0E20000000E1ZU,100
M0E20000000E1ZV,100
M0E20000000E1ZW,100
M0E20000000E1ZX,100
M0E20000000E1ZY,100
M0E20000000E1ZZ,100
A0E200000002962,100
A0E200000002792,100
M0E20000000DJ2B,100
M0E20000000DJ2C,100
M0E20000000DJ2D,100
M0E20000000DJ2E,100
M0E20000000DJ2F,100
M0E20000000DJ2G,100
M0E20000000DJ2H,100
M0E20000000DJ2I,100
M0E20000000DJ2J,100
M0E20000000DJ2K,100
M0E20000000DJ2L,100
M0E20000000DJ2M,100
M0E20000000DJ2N,100
M0E20000000DG7R,100
M0E20000000DG7S,100
M0E20000000DG7T,100
M0E20000000DG7U,100
M0E20000000DG7V,100
M0E20000000DG7W,100
M0E20000000DG7X,100
M0E20000000DG7Y,100
A0E2000000021UH,100
M0E20000000E14L,100
M0E20000000E14M,100
M0E20000000E14N,100
M0E20000000E14O,100
M0E20000000E14P,100
M0E20000000E14Q,100
M0E20000000E14R,100
M0E20000000E14S,100
M0E20000000E14T,100
M0E20000000E14U,100
M0E20000000E14V,100
M0E20000000E14W,100
M0E20000000E14X,100
M0E20000000E14Y,100
M0E20000000E14Z,100
M0E20000000E150,100
M0E20000000E151,100
s15look52,100
A0E2000000024ZN,100
M0E20000000E2AN,100
M0E20000000E2AO,100
M0E20000000E2AP,100
M0E20000000E2AQ,100
M0E20000000E2AR,100
M0E20000000E2AS,100
M0E20000000E2AT,100
M0E20000000E2AU,100
M0E20000000E0PZ,100
M0E20000000E0Q0,100
M0E20000000E0Q1,100
M0E20000000E0Q2,100
M0E20000000E0Q3,100
M0E20000000E0Q4,100
M0E20000000E0Q5,100
M0E20000000E0Q6,100
M0E20000000E0Q7,100
M0E20000000E0Q8,100
M0E20000000E0Q9,100
M0E20000000E0QA,100
M0E20000000E0QB,100
M0E20000000E0QC,100
M0E20000000E0QD,100
M0E20000000E0QE,100
M0E20000000E0QF,100
M0E20000000E0QG,100
M0E20000000E0QH,100
M0E20000000E0QI,100
M0E20000000E0QJ,100
M0E20000000E0QK,100
M0E20000000E0QL,100
M0E20000000E0QM,100
M0E20000000E0QN,100
M0E20000000E4O7,100
M0E20000000E4O8,100
M0E20000000E4O9,100
M0E20000000E4OA,100
M0E20000000E4OB,100
M0E20000000E4OC,100
M0E20000000E4OD,100
M0E20000000E4OE,100
M0E20000000E4OF,100
M0E20000000E4OG,100
M0E20000000E4OH,100
M0E20000000E4OI,100
M0E20000000E4OJ,100
M0E20000000DZBX,100
M0E20000000DZBY,100
M0E20000000DZBZ,100
M0E20000000DZC0,100
M0E20000000DZC1,100
M0E20000000DZC2,100
M0E20000000DZC3,100
M0E20000000DZC4,100
M0E20000000DZC5,100
M0E20000000DZC6,100
M0E20000000DZC7,100
M0E20000000DZC8,100
M0E20000000DZC9,100
M0E20000000DZCA,100
M0E20000000DZCB,100
M0E20000000DZCC,100
M0E20000000DZCD,100
M0E20000000DZCE,100
M0E20000000DZCF,100
M0E20000000DZCG,100
M0E20000000DZCH,100
M0E20000000DZCI,100
M0E20000000DZCJ,100
M0E20000000DZCK,100
M0E20000000DZCL,100
A0E2000000021VR,100
M0E20000000ECUX,100
M0E20000000ECUY,100
M0E20000000ECUZ,100
M0E20000000ECV0,100
M0E20000000ECV1,100
M0E20000000ECV2,100
M0E20000000ECV3,100
M0E20000000ECV4,100
M0E20000000DOF3,100
M0E20000000DOF4,100
M0E20000000DOF5,100
M0E20000000DOF6,100
M0E20000000DOF7,100
M0E20000000DOF8,100
M0E20000000DOF9,100
M0E20000000DOFA,100
M0E20000000DOFB,100
M0E20000000DOFC,100
M0E20000000DOFD,100
M0E20000000DOFE,100
M0E20000000DOFF,100
M0E20000000EA7Q,100
M0E20000000EA7R,100
M0E20000000EA7S,100
M0E20000000EA7T,100
M0E20000000EA7U,100
M0E20000000EA7V,100
M0E20000000EA7W,100
M0E20000000EA7X,100
M0E20000000EA7Y,100
M0E20000000EA7Z,100
M0E20000000EA80,100
M0E20000000EA81,100
M0E20000000EA82,100
M0E20000000EA83,100
M0E20000000EA84,100
M0E20000000EA85,100
M0E20000000EA86,100
M0E20000000EA87,100
M0E20000000EA88,100
M0E20000000EA89,100
M0E20000000EA8A,100
M0E20000000EA8B,100
M0E20000000EA8C,100
M0E20000000EA8D,100
M0E20000000EA8E,100
M0E20000000DGFZ,100
M0E20000000DGG0,100
M0E20000000DGG1,100
M0E20000000DGG2,100
M0E20000000DGG3,100
M0E20000000DGG4,100
M0E20000000DGG5,100
M0E20000000DGG6,100
M0E20000000E5JP,100
M0E20000000E5JQ,100
M0E20000000E5JR,100
M0E20000000E5JS,100
M0E20000000E5JT,100
M0E20000000E5JU,100
M0E20000000E5JV,100
M0E20000000E5JW,100
M0E20000000E8QG,100
M0E20000000E8QH,100
M0E20000000E8QI,100
M0E20000000E8QJ,100
M0E20000000E8QK,100
M0E20000000E8QL,100
M0E20000000E8QM,100
M0E20000000E8QN,100
M0E20000000E8QO,100
M0E20000000E8QP,100
M0E20000000E8QQ,100
M0E20000000E8QR,100
M0E20000000E8QS,100
s15look40,100
M0E20000000DJ6F,100
M0E20000000DJ6G,100
M0E20000000DJ6H,100
M0E20000000DJ6I,100
M0E20000000DJ6J,100
M0E20000000DJ6K,100
M0E20000000DJ6L,100
M0E20000000DJ6M,100
M0E20000000DJ6N,100
M0E20000000DJ6O,100
M0E20000000DJ6P,100
M0E20000000DJ6Q,100
M0E20000000DJ6R,100
A0E20000000278S,100
M0E20000000E1BG,100
M0E20000000E1BH,100
M0E20000000E1BI,100
M0E20000000E1BJ,100
M0E20000000E1BK,100
M0E20000000E1BL,100
M0E20000000E1BM,100
M0E20000000E1BN,100
M0E20000000E1BO,100
M0E20000000E1BP,100
M0E20000000E1BQ,100
M0E20000000E1BR,100
M0E20000000E1BS,100
M0E20000000E1BT,100
M0E20000000E1BU,100
M0E20000000E1BV,100
M0E20000000E1BW,100
M0E20000000E364,100
M0E20000000E365,100
M0E20000000E366,100
M0E20000000E367,100
M0E20000000E368,100
M0E20000000E369,100
M0E20000000E36A,100
M0E20000000E36B,100
A0E200000001X5F,100
M0E20000000E807,100
M0E20000000E808,100
M0E20000000E809,100
M0E20000000E80A,100
M0E20000000E80B,100
M0E20000000E80C,100
M0E20000000E80D,100
M0E20000000E80E,100
M0E20000000E80F,100
M0E20000000E80G,100
M0E20000000E80H,100
M0E20000000E80I,100
M0E20000000E80J,100
M0E20000000E80K,100
M0E20000000E80L,100
M0E20000000E80M,100
M0E20000000E80N,100
M0E20000000E80O,100
M0E20000000E80P,100
M0E20000000E80Q,100
M0E20000000E80R,100
M0E20000000E80S,100
M0E20000000E80T,100
M0E20000000E80U,100
M0E20000000E80V,100
M0E20000000E09B,100
M0E20000000E09C,100
M0E20000000E09D,100
M0E20000000E09E,100
M0E20000000E09F,100
M0E20000000E09G,100
M0E20000000E09H,100
M0E20000000E09I,100
M0E20000000E09J,100
M0E20000000E09K,100
M0E20000000E09L,100
M0E20000000E09M,100
M0E20000000E09N,100
M0E20000000E09O,100
M0E20000000E09P,100
M0E20000000E09Q,100
M0E20000000E09R,100
M0E20000000E9KI,100
M0E20000000E9KJ,100
M0E20000000E9KK,100
M0E20000000E9KL,100
M0E20000000E9KM,100
M0E20000000E9KN,100
M0E20000000E9KO,100
M0E20000000E9KP,100
M0E20000000E9KQ,100
M0E20000000E9KR,100
M0E20000000E9KS,100
M0E20000000E9KT,100
M0E20000000E9KU,100
M0E20000000E9KV,100
M0E20000000E9KW,100
M0E20000000E9KX,100
M0E20000000E9KY,100
M0E20000000E9KZ,100
M0E20000000E9L0,100
M0E20000000E9L1,100
M0E20000000E9L2,100
M0E20000000E9L3,100
M0E20000000E9L4,100
M0E20000000E9L5,100
M0E20000000E9L6,100
s15look89,100
M0E20000000E3V1,100
M0E20000000E3V2,100
M0E20000000E3V3,100
M0E20000000E3V4,100
M0E20000000E3V5,100
M0E20000000E3V6,100
M0E20000000E3V7,100
M0E20000000E3V8,100
M0E20000000E3V9,100
M0E20000000E3VA,100
M0E20000000E3VB,100
M0E20000000E3VC,100
M0E20000000E3VD,100
M0E20000000E3VE,100
M0E20000000E3VF,100
M0E20000000E3VG,100
M0E20000000E3VH,100
M0E20000000E3VI,100
M0E20000000E3VJ,100
M0E20000000E3VK,100
M0E20000000E3VL,100
M0E20000000E3VM,100
M0E20000000E3VN,100
M0E20000000E3VO,100
M0E20000000E3VP,100
A0E2000000026DK,100
M0E20000000E2QT,100
M0E20000000E2QU,100
M0E20000000E2QV,100
M0E20000000E2QW,100
M0E20000000E2QX,100
M0E20000000E2QY,100
M0E20000000E2QZ,100
M0E20000000E2R0,100
M0E20000000EEUT,100
M0E20000000EEUU,100
M0E20000000EEUV,100
M0E20000000EEUW,100
M0E20000000EEUX,100
M0E20000000EEUY,100
M0E20000000EEUZ,100
M0E20000000EEV0,100
s15look3,100
A0E200000001WG3,100
A0E2000000024R2,100
M0E20000000E3QZ,100
M0E20000000E3R0,100
M0E20000000E3R1,100
M0E20000000E3R2,100
M0E20000000E3R3,100
M0E20000000E3R4,100
M0E20000000E3R5,100
M0E20000000E3R6,100
A0E200000001YXO,100
A0E2000000021V9,100
M0E20000000E84G,100
M0E20000000E84H,100
M0E20000000E84I,100
M0E20000000E84J,100
M0E20000000E84K,100
M0E20000000E84L,100
M0E20000000E84M,100
M0E20000000E84N,100
M0E20000000EDMG,100
M0E20000000EDMH,100
M0E20000000EDMI,100
M0E20000000EDMJ,100
M0E20000000EDMK,100
M0E20000000EDML,100
M0E20000000EDMM,100
M0E20000000EDMN,100
M0E20000000EDMO,100
M0E20000000EDMP,100
M0E20000000EDMQ,100
M0E20000000EDMR,100
M0E20000000EDMS,100
M0E20000000E8ON,100
M0E20000000E8OO,100
M0E20000000E8OP,100
M0E20000000E8OQ,100
M0E20000000E8OR,100
M0E20000000E8OS,100
M0E20000000E8OT,100
M0E20000000E8OU,100
M0E20000000E8OV,100
M0E20000000E8OW,100
M0E20000000E8OX,100
M0E20000000E8OY,100
M0E20000000E8OZ,100
A0E200000001WFJ,100
M0E20000000DSCD,100
M0E20000000DSCE,100
M0E20000000DSCF,100
M0E20000000DSCG,100
M0E20000000DSCH,100
M0E20000000DSCI,100
M0E20000000DSCJ,100
M0E20000000DSCK,100
A0E2000000021VM,100
M0E20000000E71R,100
M0E20000000E71S,100
M0E20000000E71T,100
M0E20000000E71U,100
M0E20000000E71V,100
M0E20000000E71W,100
M0E20000000E71X,100
M0E20000000E71Y,100
M0E20000000E71Z,100
M0E20000000E720,100
M0E20000000E721,100
M0E20000000E722,100
M0E20000000E723,100
M0E20000000E724,100
M0E20000000E725,100
M0E20000000E726,100
M0E20000000E727,100
M0E20000000E728,100
M0E20000000E729,100
M0E20000000E72A,100
M0E20000000E72B,100
M0E20000000E72C,100
M0E20000000E72D,100
M0E20000000E72E,100
M0E20000000E72F,100
M0E20000000E4XT,100
M0E20000000E4XU,100
M0E20000000E4XV,100
M0E20000000E4XW,100
M0E20000000E4XX,100
M0E20000000E4XY,100
M0E20000000E4XZ,100
M0E20000000E4Y0,100
M0E20000000E4Y1,100
M0E20000000E4Y2,100
M0E20000000E4Y3,100
M0E20000000E4Y4,100
M0E20000000E4Y5,100
M0E20000000EOHO,100
M0E20000000EOHP,100
M0E20000000EOHQ,100
M0E20000000EOHR,100
M0E20000000EOHS,100
M0E20000000EOHT,100
M0E20000000EOHU,100
M0E20000000EOHV,100
M0E20000000EOHW,100
M0E20000000EOHX,100
M0E20000000EOHY,100
M0E20000000EOHZ,100
M0E20000000EOI0,100
M0E20000000EOI1,100
M0E20000000EOI2,100
M0E20000000EOI3,100
M0E20000000EOI4,100
M0E20000000EOI5,100
M0E20000000EOI6,100
M0E20000000EOI7,100
M0E20000000EOI8,100
M0E20000000EOI9,100
M0E20000000EOIA,100
M0E20000000EOIB,100
M0E20000000EOIC,100
M0E20000000EE62,100
M0E20000000EE63,100
M0E20000000EE64,100
M0E20000000EE65,100
M0E20000000EE66,100
M0E20000000EE67,100
M0E20000000EE68,100
M0E20000000EE69,100
M0E20000000EE6A,100
M0E20000000EE6B,100
M0E20000000EE6C,100
M0E20000000EE6D,100
M0E20000000EE6E,100
M0E20000000EE6F,100
M0E20000000EE6G,100
M0E20000000EE6H,100
M0E20000000EE6I,100
A0E2000000026IP,100
M0E20000000DQDV,100
M0E20000000DQDW,100
M0E20000000DQDX,100
M0E20000000DQDY,100
M0E20000000DQDZ,100
M0E20000000DQE0,100
M0E20000000DQE1,100
M0E20000000DQE2,100
M0E20000000DQE3,100
M0E20000000DQE4,100
M0E20000000DQE5,100
M0E20000000DQE6,100
M0E20000000DQE7,100
M0E20000000DQE8,100
M0E20000000DQE9,100
M0E20000000DQEA,100
M0E20000000DQEB,100
M0E20000000DQEC,100
M0E20000000DQED,100
M0E20000000DQEE,100
M0E20000000DQEF,100
M0E20000000DQEG,100
M0E20000000DQEH,100
M0E20000000DQEI,100
M0E20000000DQEJ,100
M0E20000000EGN1,100
M0E20000000EGN2,100
M0E20000000EGN3,100
M0E20000000EGN4,100
M0E20000000EGN5,100
M0E20000000EGN6,100
M0E20000000EGN7,100
M0E20000000EGN8,100
M0E20000000ECJQ,100
M0E20000000ECJR,100
M0E20000000ECJS,100
M0E20000000ECJT,100
M0E20000000ECJU,100
M0E20000000ECJV,100
M0E20000000ECJW,100
M0E20000000ECJX,100
A0E2000000024B4,100
A0E200000002ADA,100
A0E20000000251Q,100
M0E20000000EFUN,100
M0E20000000EFUO,100
M0E20000000EFUP,100
M0E20000000EFUQ,100
M0E20000000EFUR,100
M0E20000000EFUS,100
M0E20000000EFUT,100
M0E20000000EFUU,100
A0E200000001WBZ,100
M0E20000000DPZ0,100
M0E20000000DPZ1,100
M0E20000000DPZ2,100
M0E20000000DPZ3,100
M0E20000000DPZ4,100
M0E20000000DPZ5,100
M0E20000000DPZ6,100
M0E20000000DPZ7,100
M0E20000000DPZ8,100
M0E20000000DPZ9,100
M0E20000000DPZA,100
M0E20000000DPZB,100
M0E20000000DPZC,100
M0E20000000DPZD,100
M0E20000000DPZE,100
M0E20000000DPZF,100
M0E20000000DPZG,100
M0E20000000DPZH,100
M0E20000000DPZI,100
M0E20000000DPZJ,100
M0E20000000DPZK,100
M0E20000000DPZL,100
M0E20000000DPZM,100
M0E20000000DPZN,100
M0E20000000DPZO,100
M0E20000000DJ07,100
M0E20000000DJ08,100
M0E20000000DJ09,100
M0E20000000DJ0A,100
M0E20000000DJ0B,100
M0E20000000DJ0C,100
M0E20000000DJ0D,100
M0E20000000DJ0E,100
M0E20000000E0H5,100
M0E20000000E0H6,100
M0E20000000E0H7,100
M0E20000000E0H8,100
M0E20000000E0H9,100
M0E20000000E0HA,100
M0E20000000E0HB,100
M0E20000000E0HC,100
M0E20000000E0HD,100
M0E20000000E0HE,100
M0E20000000E0HF,100
M0E20000000E0HG,100
M0E20000000E0HH,100
M0E20000000E0HI,100
M0E20000000E0HJ,100
M0E20000000E0HK,100
M0E20000000E0HL,100
M0E20000000DN1X,100
M0E20000000DN1Y,100
M0E20000000DN1Z,100
M0E20000000DN20,100
M0E20000000DN21,100
M0E20000000DN22,100
M0E20000000DN23,100
M0E20000000DN24,100
M0E20000000DN25,100
M0E20000000DN26,100
M0E20000000DN27,100
M0E20000000DN28,100
M0E20000000DN29,100
M0E20000000DN2A,100
M0E20000000DN2B,100
M0E20000000DN2C,100
M0E20000000DN2D,100
M0E20000000DVA5,100
M0E20000000DVA6,100
M0E20000000DVA7,100
M0E20000000DVA8,100
M0E20000000DVA9,100
M0E20000000DVAA,100
M0E20000000DVAB,100
M0E20000000DVAC,100
M0E20000000DVAD,100
M0E20000000DVAE,100
M0E20000000DVAF,100
M0E20000000DVAG,100
A0E200000001WPH,100
M0E20000000EEBG,100
M0E20000000EEBH,100
M0E20000000EEBI,100
M0E20000000EEBJ,100
M0E20000000EEBK,100
M0E20000000EEBL,100
M0E20000000EEBM,100
M0E20000000EEBN,100
M0E20000000EEBO,100
M0E20000000EEBP,100
M0E20000000EEBQ,100
M0E20000000EEBR,100
M0E20000000EEBS,100
M0E20000000EEBT,100
M0E20000000EEBU,100
M0E20000000EEBV,100
M0E20000000EEBW,100
M0E20000000EEEE,100
M0E20000000EEEF,100
M0E20000000EEEG,100
M0E20000000EEEH,100
M0E20000000EEEI,100
M0E20000000EEEJ,100
M0E20000000EEEK,100
M0E20000000EEEL,100
M0E20000000E2QL,100
M0E20000000E2QM,100
M0E20000000E2QN,100
M0E20000000E2QO,100
M0E20000000E2QP,100
M0E20000000E2QQ,100
M0E20000000E2QR,100
M0E20000000E2QS,100
A0E2000000025WE,100
M0E20000000E8R6,100
M0E20000000E8R7,100
M0E20000000E8R8,100
M0E20000000E8R9,100
M0E20000000E8RA,100
M0E20000000E8RB,100
M0E20000000E8RC,100
M0E20000000E8RD,100
M0E20000000E8RE,100
M0E20000000E8RF,100
M0E20000000E8RG,100
M0E20000000E8RH,100
M0E20000000E8RI,100
A0E20000000283B,100
M0E20000000E11S,100
M0E20000000E11T,100
M0E20000000E11U,100
M0E20000000E11V,100
M0E20000000E11W,100
M0E20000000E11X,100
M0E20000000E11Y,100
M0E20000000E11Z,100
M0E20000000E120,100
M0E20000000E121,100
M0E20000000E122,100
M0E20000000E123,100
M0E20000000E124,100
M0E20000000E125,100
M0E20000000E126,100
M0E20000000E127,100
M0E20000000E128,100
M0E20000000E129,100
M0E20000000E12A,100
M0E20000000E12B,100
M0E20000000E12C,100
M0E20000000E12D,100
M0E20000000E12E,100
M0E20000000E12F,100
M0E20000000E12G,100
A0E2000000022WN,100
M0E20000000DW04,100
M0E20000000DW05,100
M0E20000000DW06,100
M0E20000000DW07,100
M0E20000000DW08,100
M0E20000000DW09,100
M0E20000000DW0A,100
M0E20000000DW0B,100
M0E20000000DW0C,100
M0E20000000DW0D,100
M0E20000000DW0E,100
M0E20000000DW0F,100
M0E20000000DW0G,100
M0E20000000DW0H,100
M0E20000000DW0I,100
M0E20000000DW0J,100
M0E20000000DW0K,100
M0E20000000DW0L,100
M0E20000000DW0M,100
M0E20000000DW0N,100
M0E20000000DW0O,100
M0E20000000DW0P,100
M0E20000000DW0Q,100
M0E20000000DW0R,100
M0E20000000DW0S,100
A0E200000001X60,100
M0E20000000ELZX,100
M0E20000000ELZY,100
M0E20000000ELZZ,100
M0E20000000EM00,100
M0E20000000EM01,100
M0E20000000EM02,100
M0E20000000EM03,100
M0E20000000EM04,100
M0E20000000E1KX,100
M0E20000000E1KY,100
M0E20000000E1KZ,100
M0E20000000E1L0,100
M0E20000000E1L1,100
M0E20000000E1L2,100
M0E20000000E1L3,100
M0E20000000E1L4,100
M0E20000000E1L5,100
M0E20000000E1L6,100
M0E20000000E1L7,100
M0E20000000E1L8,100
M0E20000000E1L9,100
M0E20000000DSEB,100
M0E20000000DSEC,100
M0E20000000DSED,100
M0E20000000DSEE,100
M0E20000000DSEF,100
M0E20000000DSEG,100
M0E20000000DSEH,100
M0E20000000DSEI,100
A0E200000001Z33,100
M0E20000000E3EH,100
M0E20000000E3EI,100
M0E20000000E3EJ,100
M0E20000000E3EK,100
M0E20000000E3EL,100
M0E20000000E3EM,100
M0E20000000E3EN,100
M0E20000000E3EO,100
M0E20000000E3EP,100
M0E20000000E3EQ,100
M0E20000000E3ER,100
M0E20000000E3ES,100
M0E20000000E3ET,100
M0E20000000E3EU,100
M0E20000000E3EV,100
M0E20000000E3EW,100
M0E20000000E3EX,100
M0E20000000E3EY,100
M0E20000000E3EZ,100
M0E20000000E3F0,100
M0E20000000E3F1,100
M0E20000000E3F2,100
M0E20000000E3F3,100
M0E20000000E3F4,100
M0E20000000E3F5,100
A0E200000001YSV,100
A0E200000002ARR,100
M0E20000000EF0X,100
M0E20000000EF0Y,100
M0E20000000EF0Z,100
M0E20000000EF10,100
M0E20000000EF11,100
M0E20000000EF12,100
M0E20000000EF13,100
M0E20000000EF14,100
M0E20000000EF15,100
M0E20000000EF16,100
M0E20000000E1CU,100
M0E20000000E1CV,100
M0E20000000E1CW,100
M0E20000000E1CX,100
M0E20000000E1CY,100
M0E20000000E1CZ,100
M0E20000000E1D0,100
M0E20000000E1D1,100
M0E20000000E1D2,100
M0E20000000E1D3,100
M0E20000000E1D4,100
M0E20000000E1D5,100
M0E20000000E1D6,100
A0E200000002A57,100
A0E2000000022K7,100
A0E2000000021RZ,100
M0E20000000DTUB,100
M0E20000000DTUC,100
M0E20000000DTUD,100
M0E20000000DTUE,100
M0E20000000DTUF,100
M0E20000000DTUG,100
M0E20000000DTUH,100
M0E20000000DTUI,100
M0E20000000E8MU,100
M0E20000000E8MV,100
M0E20000000E8MW,100
M0E20000000E8MX,100
M0E20000000E8MY,100
M0E20000000E8MZ,100
M0E20000000E8N0,100
M0E20000000E8N1,100
M0E20000000E8N2,100
M0E20000000E8N3,100
M0E20000000E8N4,100
M0E20000000E8N5,100
M0E20000000E8N6,100
